,Item_Outlet_Sales
0,1660.7673
1,1399.4104
2,587.6449
3,2482.1455
4,6469.7104
5,1915.0818
6,695.61194
7,2237.5798
8,1524.6748
9,3195.615
10,1924.7125
11,1389.7797
12,690.1396
13,2109.5933
14,818.6655
15,2461.0908
16,3138.8813
17,2535.6868
18,2870.0261
19,563.3921
20,2873.5762
21,3826.8513
22,811.6668
23,391.8084
24,2886.0823
25,604.0669
26,821.29767
27,2683.2546
28,3290.1147
29,1936.1364
30,107.40286
31,2860.7964
32,624.9572
33,5435.408
34,2668.0266
35,5435.408
36,2237.5798
37,390.18924
38,3135.3218
39,2666.6606
40,1703.6545
41,363.536
42,2898.519
43,2177.4592
44,604.0669
45,1885.0996
46,164.9605
47,3187.2148
48,3971.248
49,2082.94
50,937.7607
51,1669.637
52,2876.2083
53,2046.3956
54,5074.822
55,3176.9585
56,2918.8845
57,724.25885
58,657.8773
59,1415.9202
60,2470.7217
61,3433.454
62,3216.664
63,1535.9943
64,2461.0908
65,2541.5994
66,2691.8206
67,3911.5571
68,2897.37
69,3640.493
70,2925.171
71,2666.6606
72,1814.5378
73,4087.6304
74,3912.3394
75,2756.9902
76,375.799
77,2461.0908
78,730.893
79,2468.0896
80,2482.1455
81,1559.3052
82,1602.0603
83,3147.6746
84,2876.2083
85,1672.269
86,3899.081
87,3654.8523
88,811.6668
89,663.4863
90,2683.01
91,5725.1763
92,2666.6606
93,1499.4049
94,2138.9028
95,811.6668
96,2142.5068
97,2212.6323
98,3165.5347
99,1290.4935
100,2239.041
101,1551.7908
102,2805.9373
103,2049.183
104,234.41714
105,6059.0337
106,750.55444
107,889.99713
108,1381.2902
109,3695.7861
110,428.0936
111,3165.5347
112,326.3989
113,6330.861
114,1534.3055
115,2666.6606
116,937.7607
117,1422.9188
118,1551.7908
119,1888.4286
120,4743.045
121,727.29034
122,1391.9435
123,1449.6799
124,3104.851
125,5086.2456
126,2014.5607
127,582.7841
128,1562.7251
129,1669.637
130,2694.4675
131,1933.5043
132,1694.5798
133,311.83273
134,1261.1841
135,384.2693
136,582.7841
137,1261.1841
138,311.83273
139,2468.0896
140,636.6481
141,695.34875
142,1542.16
143,2141.535
144,1425.5509
145,2109.5933
146,2470.7217
147,5074.822
148,1672.269
149,1704.9453
150,1938.3542
151,4037.9895
152,540.33154
153,4162.586
154,2264.742
155,2154.8596
156,695.61194
157,1051.1108
158,1358.3608
159,937.7607
160,2569.4282
161,3152.6277
162,3971.3364
163,3235.144
164,1199.9515
165,310.13574
166,2366.1748
167,2891.4363
168,2472.5146
169,591.33997
170,3189.3286
171,2668.0266
172,351.62885
173,97.26521
174,2470.7217
175,3420.1326
176,3150.4993
177,4743.045
178,1082.7809
179,6401.042
180,1672.269
181,2888.407
182,4069.0925
183,947.39154
184,339.9604
185,1757.0596
186,3296.8848
187,3992.2568
188,3655.097
189,2830.7961
190,1648.8589
191,3381.0981
192,2461.0908
193,699.41833
194,821.29767
195,3653.243
196,579.9678
197,3150.3066
198,2832.589
199,161.92583
200,3014.5408
201,2147.8608
202,3150.3066
203,2454.0134
204,1887.5433
205,1781.849
206,4037.9895
207,1391.9435
208,3186.5894
209,1888.4286
210,3014.5408
211,97.26521
212,3111.125
213,1425.5509
214,3946.9485
215,2164.8176
216,329.31808
217,6258.6265
218,2434.4375
219,3932.0508
220,384.2693
221,2154.8596
222,2832.589
223,2912.491
224,1915.0818
225,1423.2042
226,3290.1667
227,2584.6562
228,592.10333
229,1551.7908
230,3996.0186
231,494.54388
232,1534.3055
233,1708.7592
234,1098.5801
235,1662.6383
236,2152.9587
237,1915.0818
238,774.45605
239,2793.8433
240,85.09209
241,3533.383
242,391.8084
243,1672.269
244,389.21838
245,1909.7278
246,806.9971
247,717.26013
248,186.15727
249,4012.6265
250,4011.3362
251,506.40363
252,326.3989
253,1682.0665
254,3796.057
255,1556.6163
256,3939.6807
257,3653.243
258,1199.9515
259,734.9117
260,2900.0022
261,2170.1716
262,2326.3237
263,3944.0176
264,3165.29
265,2854.9
266,2692.1033
267,3154.1775
268,1878.101
269,3641.819
270,3521.3337
271,1915.0818
272,3652.0806
273,2501.8242
274,821.29767
275,1270.8148
276,2673.261
277,932.8624
278,1915.0818
279,1925.8108
280,2546.1824
281,2933.7153
282,2470.7217
283,2461.0908
284,6258.6265
285,4015.098
286,377.03143
287,1415.9202
288,944.7594
289,937.7607
290,734.9117
291,1922.0804
292,1684.9491
293,2334.756
294,3641.819
295,3121.0212
296,2121.2075
297,2716.9893
298,321.47424
299,615.84644
300,548.9424
301,2876.2083
302,3763.1594
303,1672.269
304,1425.5509
305,2490.2976
306,4227.9326
307,1671.1697
308,2846.9229
309,3955.4414
310,1396.7783
311,3437.3171
312,1825.9617
313,2119.224
314,1672.269
315,1228.0559
316,3796.057
317,3165.5347
318,3887.4126
319,1869.7544
320,1648.8589
321,1801.183
322,2873.5762
323,3165.5347
324,3186.5894
325,3150.4993
326,314.73044
327,2109.3486
328,947.39154
329,593.43695
330,528.7144
331,3451.9263
332,4058.637
333,164.9605
334,1694.5798
335,1924.7125
336,947.39154
337,1662.6383
338,3194.9788
339,3150.3066
340,2888.407
341,727.3891
342,2820.9207
343,3887.4126
344,1662.6383
345,2666.6606
346,2455.7368
347,5701.077
348,2461.0908
349,1542.16
350,3138.8813
351,818.6655
352,329.31808
353,727.3891
354,3427.822
355,2787.7908
356,3726.148
357,971.3435
358,2864.783
359,2873.5762
360,580.02423
361,2157.4917
362,1399.4104
363,833.97754
364,603.4751
365,1919.0635
366,1743.0581
367,1605.744
368,2653.726
369,2524.246
370,4044.2336
371,395.6931
372,397.7834
373,3641.819
374,3955.5752
375,1637.0857
376,4149.151
377,699.41833
378,2470.7217
379,3443.128
380,1708.7592
381,2901.0671
382,1399.4104
383,107.91803
384,1793.7332
385,352.5394
386,575.1967
387,2891.4363
388,2131.904
389,1415.9202
390,3165.5347
391,3950.7102
392,2120.2356
393,506.40363
394,2104.2393
395,2461.0908
396,1389.7797
397,1734.7488
398,2859.7646
399,1681.4764
400,2144.811
401,821.29767
402,2652.8813
403,329.31808
404,2705.5654
405,3186.5894
406,889.99713
407,3176.9585
408,1415.9202
409,414.11917
410,3177.584
411,2621.312
412,937.7607
413,2933.7153
414,1889.5248
415,329.31808
416,3481.205
417,759.9533
418,676.0847
419,5074.822
420,1662.6383
421,1115.3452
422,1051.1108
423,1959.6534
424,2128.2063
425,3366.2354
426,3841.8362
427,1261.1841
428,3881.9243
429,939.86115
430,1285.6152
431,2683.2546
432,506.40363
433,1933.5043
434,2894.681
435,5423.9844
436,326.3989
437,1422.9188
438,3481.205
439,2608.141
440,1938.5989
441,2739.7244
442,727.91296
443,1490.6146
444,2958.0164
445,1885.0996
446,2830.7961
447,3908.5776
448,5074.822
449,2227.6172
450,321.47424
451,389.21838
452,3111.295
453,2119.224
454,2902.86
455,1658.4896
456,1704.9453
457,1399.4104
458,3654.8523
459,1648.8589
460,2479.5134
461,1924.7125
462,937.7607
463,2227.6172
464,4753.306
465,528.7144
466,1425.5509
467,704.9796
468,4117.1133
469,1565.6895
470,4107.389
471,1536.3165
472,2566.7961
473,100.29988
474,88.126755
475,937.7607
476,3165.5347
477,3176.9585
478,326.3989
479,1092.5021
480,3655.097
481,1317.1354
482,2546.1824
483,3940.145
484,3796.057
485,1936.1364
486,3630.9978
487,2891.4363
488,3814.4949
489,1380.6716
490,2264.742
491,3923.7632
492,2891.4363
493,1396.7783
494,444.09677
495,3150.4993
496,1948.2296
497,4216.509
498,3153.8662
499,2468.0896
500,2147.8608
501,574.8159
502,1396.7783
503,3887.6572
504,737.5438
505,3065.8167
506,336.78897
507,1915.0818
508,3014.5408
509,3481.205
510,3275.182
511,4033.0105
512,161.92583
513,1766.6903
514,2891.4363
515,2584.6562
516,329.31808
517,4134.7305
518,2461.0908
519,579.9678
520,1915.0818
521,634.03033
522,727.91296
523,2109.5933
524,5399.8853
525,6539.8916
526,2830.7961
527,1704.9453
528,563.3921
529,2912.491
530,1358.3608
531,3161.7305
532,1535.9943
533,1924.7125
534,699.41833
535,3150.3066
536,1915.0818
537,3443.128
538,2157.4917
539,3851.2532
540,2584.6562
541,506.40363
542,1389.7797
543,326.3989
544,3943.1245
545,6258.6265
546,2326.3237
547,597.03174
548,3787.8416
549,4197.121
550,947.39154
551,1691.9478
552,445.4603
553,3641.819
554,2409.9373
555,1499.4049
556,3206.4026
557,406.58005
558,2821.1653
559,3165.5347
560,2584.6562
561,937.7607
562,3287.7783
563,3020.0498
564,3176.9585
565,3874.2656
566,4217.6714
567,2388.6433
568,1662.6383
569,3192.983
570,1346.6924
571,2803.3052
572,1490.6146
573,1676.7036
574,2652.8813
575,326.3989
576,329.31808
577,961.71265
578,566.0649
579,2157.4917
580,2876.2083
581,391.8084
582,3641.819
583,2676.922
584,1504.0485
585,3165.5347
586,4049.4133
587,717.26013
588,3165.5347
589,2569.4282
590,4169.8535
591,1389.7797
592,2558.003
593,3150.4993
594,2915.2302
595,744.9498
596,2130.648
597,2116.592
598,3024.8022
599,2207.3494
600,3150.4993
601,3014.5408
602,2363.3403
603,1915.0818
604,2142.5068
605,5435.408
606,2089.9387
607,1425.5509
608,799.99835
609,445.4603
610,401.685
611,1915.0818
612,3104.851
613,3603.9255
614,2395.642
615,294.821
616,1546.9856
617,889.99713
618,1082.7809
619,329.31808
620,540.33154
621,326.3989
622,2003.1368
623,2665.3945
624,2891.4363
625,2154.8596
626,614.3044
627,3165.5347
628,1404.2517
629,969.7023
630,2157.4917
631,1734.7488
632,1399.4104
633,1199.9515
634,1252.0078
635,376.33328
636,2154.8596
637,690.1396
638,1389.7797
639,3265.3318
640,821.70575
641,2468.0896
642,5074.822
643,3160.1807
644,1722.5386
645,2461.0908
646,2159.2847
647,2683.2546
648,1051.1108
649,522.8608
650,1843.0461
651,3942.6602
652,1781.0867
653,2901.0671
654,2891.4363
655,3913.4917
656,818.6655
657,336.78897
658,4743.045
659,4733.497
660,2902.86
661,3231.3398
662,3828.1836
663,3789.8127
664,734.9117
665,1672.269
666,2830.7961
667,1662.6383
668,2680.3953
669,3205.2402
670,726.891
671,3592.5017
672,3794.8643
673,1914.387
674,85.09209
675,1684.9491
676,1885.0996
677,560.87274
678,1937.3926
679,2873.5762
680,1662.6383
681,6270.0503
682,2141.535
683,699.41833
684,2547.848
685,3165.5347
686,2121.017
687,3190.6306
688,3469.7812
689,107.40286
690,6129.215
691,1270.8148
692,2131.904
693,2169.927
694,384.2693
695,1662.6383
696,3943.9067
697,727.2983
698,2912.491
699,2480.6667
700,3469.7812
701,1936.1364
702,1662.6383
703,606.6775
704,1832.7847
705,3165.5347
706,704.9796
707,3661.341
708,3205.2402
709,3135.3218
710,3308.1265
711,2817.361
712,3524.3574
713,821.29767
714,1662.6383
715,2504.4563
716,2566.7961
717,333.2789
718,2876.2083
719,750.2237
720,1524.6748
721,693.11914
722,329.31808
723,2594.287
724,3592.5017
725,2873.5762
726,1098.5801
727,1655.8575
728,5074.822
729,2846.9229
730,1662.6383
731,1684.9491
732,3176.9585
733,357.61606
734,2366.1748
735,1976.4836
736,3104.851
737,811.6668
738,3661.341
739,1722.5386
740,2082.94
741,1936.1364
742,3235.144
743,2461.0908
744,3893.9014
745,2104.2393
746,3830.613
747,3150.4993
748,4109.8457
749,947.39154
750,6188.4453
751,2873.422
752,2683.2546
753,899.628
754,2121.017
755,2902.86
756,2138.9028
757,2105.2507
758,2154.8596
759,1130.8792
760,3655.097
761,2116.592
762,2909.9429
763,1415.9202
764,2787.7908
765,2119.224
766,4754.4688
767,2147.8608
768,1662.6383
769,2562.8328
770,1249.5156
771,3290.1667
772,2891.4363
773,97.26521
774,445.4603
775,2876.2083
776,3010.1262
777,2876.2083
778,2376.594
779,4217.6714
780,1381.2902
781,1922.0804
782,1270.8148
783,739.6696
784,2634.1743
785,522.7562
786,1404.2517
787,3004.2349
788,704.9796
789,1915.0818
790,2876.2083
791,3592.5017
792,695.61194
793,4057.3237
794,1915.0818
795,1285.6152
796,3622.257
797,818.6655
798,2587.5774
799,577.41364
800,1648.8589
801,3162.356
802,2547.848
803,352.5394
804,1524.6748
805,2945.3105
806,2584.6562
807,3189.3286
808,2891.4363
809,2461.0908
810,2109.5933
811,2887.0938
812,1648.8589
813,1415.9202
814,2461.0908
815,2834.5256
816,2653.0417
817,3893.9014
818,2656.6013
819,2885.0
820,107.91803
821,4228.224
822,353.2084
823,1681.4764
824,30.258034
825,1399.4104
826,2594.287
827,3186.5894
828,738.55524
829,821.70575
830,1396.7783
831,161.92583
832,3789.8127
833,1915.0818
834,2128.2063
835,2652.8813
836,3138.8813
837,2891.4363
838,2454.0134
839,695.61194
840,4722.073
841,439.76205
842,592.393
843,889.99713
844,2803.3052
845,601.5737
846,1899.4022
847,811.6668
848,1848.2725
849,2799.84
850,3161.923
851,4072.8542
852,6129.215
853,2891.4363
854,749.3005
855,3595.4812
856,1565.6895
857,2851.2456
858,506.40363
859,3461.0405
860,1915.0818
861,5725.1763
862,2003.1368
863,1367.9916
864,1669.637
865,563.3921
866,6129.215
867,2864.783
868,2179.8025
869,4080.122
870,2170.1716
871,403.25446
872,947.39154
873,2821.1653
874,2470.7217
875,130.32744
876,1285.6152
877,1358.3608
878,727.91296
879,821.29767
880,1534.3055
881,5074.822
882,3014.5408
883,1490.6146
884,4722.073
885,2933.7153
886,2690.4546
887,552.53674
888,321.47424
889,2683.2546
890,1051.1108
891,1475.8204
892,1422.9188
893,3159.0984
894,1415.9202
895,3661.341
896,3653.243
897,1734.7488
898,1284.9779
899,1451.3438
900,603.4751
901,1899.1555
902,2460.8462
903,398.10977
904,3150.3066
905,2666.6606
906,2128.0159
907,1422.9188
908,2925.171
909,704.9796
910,2830.7961
911,128.81587
912,2821.1653
913,1948.8164
914,2472.5146
915,2876.2083
916,673.44025
917,1915.0818
918,4488.441
919,1542.16
920,2652.8813
921,1655.8575
922,2710.703
923,2227.6172
924,811.6668
925,1684.9491
926,2237.5798
927,3898.3647
928,2181.5955
929,1706.0773
930,128.81587
931,6049.595
932,3641.819
933,2461.0908
934,4743.045
935,1878.101
936,408.4257
937,2479.5134
938,375.799
939,4069.0925
940,5074.822
941,1937.3926
942,2528.067
943,406.58005
944,1367.9916
945,329.31808
946,818.6655
947,811.6668
948,2475.3127
949,1137.7546
950,3641.819
951,4217.6714
952,1399.4104
953,1978.1936
954,947.39154
955,1396.7783
956,1490.6146
957,2472.5146
958,937.7607
959,2455.7368
960,2104.2393
961,3944.0176
962,3177.584
963,592.10333
964,1914.387
965,1915.0818
966,2109.5933
967,3445.6821
968,2710.703
969,352.5394
970,5074.822
971,2188.5942
972,5074.822
973,2668.0266
974,704.9796
975,2918.8845
976,1115.3452
977,2109.5933
978,2886.0823
979,1741.7474
980,2683.2546
981,1249.5156
982,2821.1653
983,4071.4685
984,3189.3286
985,1399.4104
986,3150.3066
987,947.39154
988,1271.8264
989,3194.9788
990,1658.4896
991,1551.3889
992,2605.711
993,3820.9158
994,5762.208
995,3833.3406
996,2470.7217
997,1662.6383
998,2157.4917
999,1404.2517
1000,3113.7527
1001,2666.6606
1002,3150.4993
1003,4011.3362
1004,1694.5798
1005,3176.9585
1006,3159.0984
1007,1810.773
1008,3165.5347
1009,3931.4043
1010,2105.2507
1011,395.6931
1012,2468.0896
1013,1261.1841
1014,1191.3745
1015,1825.6747
1016,1270.8148
1017,3121.149
1018,2828.2385
1019,2909.6658
1020,5971.2393
1021,2109.5933
1022,3160.7607
1023,418.80707
1024,702.3475
1025,811.6668
1026,3552.833
1027,3165.5347
1028,2683.2546
1029,3194.9788
1030,947.39154
1031,2131.904
1032,2849.3726
1033,1378.1112
1034,1497.2098
1035,5736.6
1036,4181.1235
1037,1662.6383
1038,5014.4116
1039,2109.5933
1040,2859.7646
1041,3189.0078
1042,536.73883
1043,5725.1763
1044,2441.4363
1045,2091.5596
1046,411.79846
1047,1130.8792
1048,2652.8813
1049,2779.5427
1050,947.39154
1051,2237.5798
1052,428.33823
1053,3476.0254
1054,1378.1112
1055,2109.5933
1056,2596.08
1057,2159.2847
1058,3176.9585
1059,2003.1368
1060,1914.387
1061,2434.4375
1062,3050.8318
1063,737.5438
1064,130.32744
1065,6140.6387
1066,695.34875
1067,3655.097
1068,4109.8457
1069,131.85054
1070,778.21783
1071,2014.5607
1072,1381.2902
1073,1490.6146
1074,3469.7812
1075,3641.819
1076,727.91296
1077,2121.017
1078,1389.7797
1079,1261.1841
1080,1662.6383
1081,1415.9202
1082,321.47424
1083,3784.0798
1084,1261.1841
1085,1924.7125
1086,1832.7847
1087,1270.8148
1088,2482.1455
1089,1285.6152
1090,3445.6821
1091,1814.7877
1092,4174.01
1093,3763.1594
1094,937.7607
1095,2517.8054
1096,944.7594
1097,1228.0559
1098,4063.7288
1099,1429.033
1100,2490.4004
1101,1415.9202
1102,1672.269
1103,717.26013
1104,799.99835
1105,1704.9453
1106,1058.1095
1107,2861.2234
1108,329.31808
1109,2891.4363
1110,1672.269
1111,2683.2546
1112,704.9796
1113,3150.3066
1114,2109.5933
1115,4144.381
1116,2891.4363
1117,2109.5933
1118,3463.345
1119,3932.0508
1120,4722.073
1121,3195.615
1122,3451.9211
1123,3193.3638
1124,3147.6746
1125,2676.922
1126,412.5
1127,821.70575
1128,1396.7783
1129,2142.5068
1130,3653.243
1131,1259.4747
1132,1522.8038
1133,3195.615
1134,327.35895
1135,2116.592
1136,2199.77
1137,5074.822
1138,1259.4747
1139,3160.7607
1140,1669.637
1141,2003.1368
1142,944.7594
1143,2058.814
1144,2154.8596
1145,583.2822
1146,2237.5798
1147,560.87274
1148,1609.059
1149,490.76846
1150,3595.4812
1151,737.5438
1152,3476.0254
1153,695.34875
1154,2864.783
1155,2470.7217
1156,3872.0432
1157,3176.9585
1158,1367.9916
1159,2168.9155
1160,1130.8792
1161,3157.9817
1162,3852.0835
1163,1948.2296
1164,445.4603
1165,2131.904
1166,3978.5159
1167,1662.6383
1168,1722.5386
1169,2109.5933
1170,2168.9155
1171,3866.238
1172,3086.649
1173,1732.9557
1174,1404.2517
1175,2237.5798
1176,969.7023
1177,704.9796
1178,3427.8171
1179,2873.422
1180,1803.3639
1181,2147.8608
1182,2434.4375
1183,2873.422
1184,2482.1455
1185,724.25885
1186,2172.1763
1187,2461.0908
1188,3147.6746
1189,1098.5801
1190,1252.607
1191,690.1396
1192,3150.4993
1193,3161.7305
1194,6182.2007
1195,375.799
1196,423.2223
1197,811.6668
1198,833.97754
1199,1658.4896
1200,2239.041
1201,2441.4363
1202,2470.7217
1203,2517.8054
1204,607.9157
1205,1650.9698
1206,2461.0908
1207,3595.4812
1208,811.6668
1209,1658.4896
1210,3666.5208
1211,2555.0798
1212,717.26013
1213,2441.4363
1214,2337.7476
1215,1404.2517
1216,3943.1245
1217,1228.0559
1218,1947.0233
1219,1885.0996
1220,1137.7546
1221,5074.822
1222,2461.0908
1223,1693.0964
1224,377.03143
1225,3177.584
1226,2472.5146
1227,1249.5156
1228,1391.5516
1229,1093.0424
1230,947.39154
1231,1662.6383
1232,3194.9788
1233,326.3989
1234,399.3422
1235,2901.0671
1236,2876.2083
1237,2803.3052
1238,989.218
1239,3481.205
1240,2517.8054
1241,3198.6387
1242,2490.4004
1243,3013.842
1244,3974.4077
1245,2891.4363
1246,2227.6172
1247,806.9971
1248,3971.3364
1249,2222.3342
1250,359.09973
1251,3476.7852
1252,1551.7908
1253,1261.1841
1254,1887.7317
1255,4049.4133
1256,579.9678
1257,2468.0896
1258,4000.8835
1259,541.8336
1260,2864.783
1261,2705.5654
1262,2899.8308
1263,1389.7797
1264,582.7841
1265,1732.9557
1266,3613.944
1267,1924.7125
1268,5423.9844
1269,583.2822
1270,494.54388
1271,1694.5798
1272,1396.7783
1273,351.62885
1274,2891.1917
1275,6129.215
1276,2873.5762
1277,2873.5762
1278,1669.637
1279,937.7607
1280,1945.5975
1281,3014.5408
1282,3244.775
1283,630.7766
1284,5098.6157
1285,1105.1903
1286,3476.7852
1287,161.92583
1288,947.39154
1289,1522.8038
1290,2902.86
1291,1910.0425
1292,1662.6383
1293,2436.1533
1294,85.09209
1295,1415.9202
1296,1957.0214
1297,1381.2902
1298,593.43695
1299,2652.8813
1300,1199.0991
1301,506.40363
1302,3917.8013
1303,1941.7523
1304,1521.6937
1305,549.3867
1306,947.39154
1307,944.7594
1308,3930.184
1309,1878.101
1310,717.26013
1311,4091.9592
1312,2843.476
1313,649.375
1314,2683.2546
1315,3165.5347
1316,1389.7797
1317,727.29034
1318,3165.5347
1319,2901.0671
1320,2876.2083
1321,1691.0925
1322,1524.6748
1323,3461.0405
1324,3014.5408
1325,2921.5166
1326,759.9533
1327,3789.8127
1328,3653.243
1329,352.5394
1330,3926.028
1331,2902.86
1332,384.2693
1333,4082.1826
1334,2977.6167
1335,759.85455
1336,1887.5433
1337,2891.4363
1338,2634.1743
1339,352.5394
1340,560.87274
1341,1399.4104
1342,604.0669
1343,2147.8608
1344,2434.4375
1345,608.7002
1346,1978.1936
1347,2494.8254
1348,594.6948
1349,2326.3237
1350,5901.058
1351,3175.1655
1352,3799.8909
1353,1261.1841
1354,1499.4049
1355,2580.852
1356,1381.2902
1357,3176.9585
1358,3640.493
1359,2502.9775
1360,3785.5178
1361,450.40436
1362,969.7023
1363,428.33823
1364,2366.1748
1365,2326.3237
1366,3469.7812
1367,3918.7603
1368,563.3921
1369,746.79266
1370,3235.144
1371,3147.6746
1372,2612.1045
1373,2267.6426
1374,4144.381
1375,6188.4453
1376,1080.4203
1377,563.3921
1378,2120.2356
1379,1924.7125
1380,1353.691
1381,3534.6816
1382,2010.1355
1383,4041.7512
1384,3476.7852
1385,133.0815
1386,1876.1195
1387,2888.407
1388,5435.408
1389,3165.5347
1390,2830.7961
1391,759.85455
1392,2470.7217
1393,2455.7368
1394,702.3475
1395,2470.2305
1396,4378.122
1397,2901.0671
1398,1534.3055
1399,937.7607
1400,473.47913
1401,411.79846
1402,1662.6383
1403,2147.8608
1404,1816.044
1405,2270.5613
1406,2012.7676
1407,2168.9155
1408,1073.4216
1409,1562.7251
1410,6539.8916
1411,506.40363
1412,2455.7368
1413,2803.3052
1414,1691.9478
1415,3849.104
1416,3138.8813
1417,1924.7125
1418,704.9796
1419,2442.6526
1420,3159.0984
1421,1061.7532
1422,3114.7554
1423,1650.9698
1424,2116.592
1425,1261.1841
1426,3014.5408
1427,937.7607
1428,2546.1824
1429,806.9971
1430,1887.5433
1431,2366.1748
1432,937.7607
1433,737.5438
1434,3186.5894
1435,391.8084
1436,3655.097
1437,3581.409
1438,971.1854
1439,649.375
1440,1650.9698
1441,2082.94
1442,1531.6735
1443,2461.0908
1444,4096.327
1445,620.74945
1446,2170.1716
1447,3686.2
1448,1672.269
1449,2901.0671
1450,2461.0908
1451,3893.9014
1452,811.6668
1453,6140.6387
1454,2461.0908
1455,329.77905
1456,2660.583
1457,4102.0337
1458,1082.7809
1459,1728.0734
1460,3121.0212
1461,3138.8813
1462,3939.2097
1463,2763.5183
1464,695.34875
1465,2594.287
1466,3400.1538
1467,673.44025
1468,1924.7125
1469,1104.6924
1470,3077.2405
1471,1605.744
1472,5423.9844
1473,3630.9978
1474,6401.042
1475,2141.535
1476,2116.592
1477,2690.3374
1478,5399.8853
1479,6539.8916
1480,3445.6821
1481,1524.6748
1482,2701.6946
1483,3835.8948
1484,1389.3114
1485,1051.1108
1486,3206.4026
1487,393.44092
1488,2517.8054
1489,1915.0818
1490,3899.081
1491,3104.851
1492,821.29767
1493,735.2244
1494,107.91803
1495,3150.3066
1496,821.29767
1497,704.9796
1498,4103.6274
1499,2434.4375
1500,352.5394
1501,1766.5752
1502,601.5737
1503,6551.3154
1504,2121.017
1505,185.7197
1506,2704.3093
1507,1658.4896
1508,2705.5654
1509,3500.8843
1510,351.62885
1511,2025.0963
1512,2403.1523
1513,704.9796
1514,2168.9155
1515,2864.783
1516,100.29988
1517,326.3989
1518,397.7834
1519,2109.5933
1520,1648.8589
1521,615.84644
1522,2873.5762
1523,2901.0671
1524,2666.6606
1525,375.799
1526,1285.6152
1527,1662.6383
1528,750.32245
1529,2147.8608
1530,699.41833
1531,699.41833
1532,3165.5347
1533,531.85535
1534,3887.6572
1535,2461.0908
1536,2692.8855
1537,1832.7847
1538,2227.6172
1539,1648.8589
1540,2517.8054
1541,1734.7488
1542,734.9117
1543,1704.9453
1544,375.799
1545,695.34875
1546,3641.819
1547,326.3989
1548,5074.822
1549,2584.6562
1550,3192.983
1551,2130.648
1552,604.0669
1553,2366.1748
1554,2705.5654
1555,2455.7368
1556,2434.4375
1557,1637.0857
1558,944.7594
1559,4090.4602
1560,1723.325
1561,947.39154
1562,506.40363
1563,2133.3872
1564,406.58005
1565,1559.801
1566,4090.4602
1567,3175.1655
1568,1378.1112
1569,2632.8857
1570,1199.0991
1571,5423.9844
1572,1130.8792
1573,2943.8274
1574,724.6582
1575,3908.5776
1576,2109.5933
1577,690.1396
1578,2121.017
1579,811.6668
1580,1734.7488
1581,4049.4133
1582,3165.5347
1583,2141.535
1584,2366.1748
1585,3469.7812
1586,2873.5762
1587,1662.6383
1588,1104.6924
1589,2668.0266
1590,1723.325
1591,682.61707
1592,3160.1807
1593,540.33154
1594,2119.224
1595,937.7607
1596,3971.248
1597,3510.6057
1598,3147.6746
1599,2424.922
1600,2941.5967
1601,1283.4949
1602,1414.942
1603,2461.0908
1604,3159.0984
1605,968.275
1606,6049.595
1607,3138.8813
1608,2891.4363
1609,1209.5823
1610,3187.2148
1611,161.92583
1612,2479.5134
1613,3887.6572
1614,704.9796
1615,3314.7021
1616,122.70929
1617,1744.3795
1618,3176.9585
1619,1060.7416
1620,2470.7217
1621,3194.9788
1622,3944.0176
1623,1825.9617
1624,2501.251
1625,1500.4121
1626,3861.004
1627,2876.2083
1628,3121.0212
1629,107.91803
1630,3376.877
1631,3036.226
1632,1389.7797
1633,695.34875
1634,3964.4038
1635,1915.0818
1636,3914.8218
1637,947.39154
1638,4722.073
1639,3176.9585
1640,3195.615
1641,3107.7354
1642,821.29767
1643,2901.0671
1644,579.9678
1645,3359.8394
1646,1662.6383
1647,3216.664
1648,384.2693
1649,2434.4375
1650,1924.7125
1651,317.64963
1652,947.39154
1653,3186.5894
1654,3686.2
1655,760.12415
1656,2119.224
1657,717.6595
1658,1938.5989
1659,947.39154
1660,2891.4363
1661,1662.6383
1662,4076.3604
1663,1723.325
1664,411.52914
1665,2934.8018
1666,3961.3518
1667,1425.5509
1668,3971.3364
1669,1082.7809
1670,3195.615
1671,3161.7305
1672,1445.1991
1673,1655.8575
1674,937.7607
1675,4008.3152
1676,314.73044
1677,2461.0908
1678,1425.5509
1679,3513.5852
1680,2104.2393
1681,2805.9373
1682,2663.1428
1683,1445.2296
1684,390.18924
1685,3217.284
1686,3165.5347
1687,2584.4116
1688,1399.4104
1689,821.29767
1690,1655.8575
1691,702.3475
1692,1744.3795
1693,2888.407
1694,2119.224
1695,695.34875
1696,2470.7217
1697,2461.0908
1698,1969.4509
1699,695.34875
1700,3686.2
1701,1104.6924
1702,1490.6146
1703,2157.4917
1704,2109.5933
1705,1571.4695
1706,4055.6575
1707,3147.6746
1708,3655.097
1709,2470.7217
1710,329.31808
1711,2010.1355
1712,3014.5408
1713,2012.7676
1714,3989.9888
1715,2566.7961
1716,4206.2476
1717,2227.6172
1718,506.40363
1719,1209.5823
1720,2926.654
1721,2468.0896
1722,2821.1653
1723,1915.0818
1724,3014.5408
1725,1104.6924
1726,4644.3247
1727,3789.8127
1728,2147.8608
1729,2003.1368
1730,3189.0078
1731,3461.3745
1732,2470.7217
1733,506.40363
1734,1261.1841
1735,2151.0505
1736,2133.3872
1737,1680.8004
1738,695.61194
1739,2639.6614
1740,821.29767
1741,506.40363
1742,1878.101
1743,774.45605
1744,161.92583
1745,2912.491
1746,737.5438
1747,2227.6172
1748,2594.287
1749,2901.0671
1750,4102.816
1751,1394.3699
1752,3107.7354
1753,3887.6572
1754,2470.7217
1755,695.61194
1756,3135.3218
1757,3150.3066
1758,853.226
1759,2470.7217
1760,3449.824
1761,3500.8843
1762,2470.7217
1763,3138.8813
1764,1499.4049
1765,2270.5613
1766,4087.6304
1767,1672.269
1768,2470.7217
1769,4051.6765
1770,2902.86
1771,3613.944
1772,3165.5347
1773,3944.0176
1774,2716.9893
1775,3103.4912
1776,1887.5433
1777,2851.2456
1778,815.2095
1779,5086.2456
1780,811.6668
1781,630.7766
1782,1358.3608
1783,130.22878
1784,3189.0078
1785,384.2693
1786,2424.922
1787,1268.1827
1788,2227.6172
1789,2091.5596
1790,329.31808
1791,2548.7625
1792,3469.7812
1793,2003.1368
1794,1199.0991
1795,2502.9775
1796,2899.8308
1797,1415.9202
1798,1584.5751
1799,937.7607
1800,1197.8931
1801,6551.3154
1802,1534.3055
1803,1261.1841
1804,3451.9211
1805,563.3921
1806,2482.1455
1807,620.74945
1808,937.7607
1809,3150.4993
1810,2455.7368
1811,2584.4116
1812,164.9605
1813,3497.2295
1814,1415.9202
1815,693.90137
1816,937.7607
1817,3287.254
1818,2864.783
1819,413.7064
1820,2663.1428
1821,1718.3899
1822,3481.205
1823,164.9605
1824,717.26013
1825,1657.9685
1826,1415.9202
1827,2912.491
1828,3147.6746
1829,695.61194
1830,574.9205
1831,2510.747
1832,1130.8792
1833,944.7594
1834,3797.932
1835,1648.8589
1836,326.3989
1837,6539.8916
1838,2227.6172
1839,3165.29
1840,3481.205
1841,2470.7217
1842,2461.0908
1843,2470.7217
1844,1115.3452
1845,1658.4896
1846,2212.6323
1847,1556.6163
1848,1542.16
1849,2716.9893
1850,3500.8843
1851,3014.5408
1852,604.0669
1853,4092.3806
1854,2227.6172
1855,1270.8148
1856,2895.887
1857,131.85054
1858,3424.0554
1859,2596.08
1860,1270.8148
1861,3899.3748
1862,3150.3066
1863,1650.9698
1864,4076.3604
1865,2119.224
1866,1832.7847
1867,1662.6383
1868,818.6655
1869,695.34875
1870,1926.5056
1871,2434.4375
1872,128.81587
1873,889.99713
1874,2888.407
1875,1389.7797
1876,4743.045
1877,3165.5347
1878,1915.0818
1879,1926.5056
1880,937.7607
1881,2461.0908
1882,1564.4708
1883,2873.5564
1884,1438.231
1885,284.47333
1886,2666.6606
1887,384.2693
1888,3697.6238
1889,704.9796
1890,1060.7416
1891,2918.982
1892,1660.7673
1893,1637.1904
1894,329.31808
1895,4005.3247
1896,1389.7797
1897,3104.851
1898,1658.4896
1899,3469.7812
1900,3165.5347
1901,669.6737
1902,161.92583
1903,3469.7812
1904,2157.4917
1905,2891.4363
1906,6129.215
1907,4040.442
1908,3165.5347
1909,2403.0027
1910,2883.5342
1911,470.75
1912,3955.6243
1913,2147.8608
1914,4143.756
1915,563.3921
1916,553.25745
1917,3014.5408
1918,1878.101
1919,164.9605
1920,1878.101
1921,2109.5933
1922,2461.0908
1923,3206.4026
1924,3524.3574
1925,1684.9491
1926,1864.2291
1927,3950.151
1928,1199.9515
1929,2116.592
1930,3686.2
1931,311.83273
1932,3443.128
1933,1209.5823
1934,5074.822
1935,2666.6606
1936,2157.4917
1937,3138.8813
1938,1425.5509
1939,749.3005
1940,1658.4896
1941,1551.7908
1942,1490.6146
1943,1228.0559
1944,947.39154
1945,695.34875
1946,5423.9844
1947,3234.8994
1948,648.3911
1949,727.29034
1950,1209.5823
1951,2119.3923
1952,3686.2
1953,889.99713
1954,1933.5043
1955,375.799
1956,2237.5798
1957,2666.6606
1958,727.2983
1959,329.31808
1960,4508.9463
1961,2109.5933
1962,1976.4836
1963,2270.5613
1964,3176.9585
1965,811.6668
1966,727.91296
1967,2805.9373
1968,1858.4464
1969,445.4603
1970,352.5394
1971,2154.8596
1972,352.5394
1973,421.57727
1974,352.5394
1975,727.91296
1976,1261.1841
1977,3497.6104
1978,2676.922
1979,2652.8813
1980,1399.4104
1981,4722.073
1982,1082.7809
1983,1924.7125
1984,937.7607
1985,2547.848
1986,2851.2456
1987,747.582
1988,3661.341
1989,529.78436
1990,2683.2546
1991,2383.5928
1992,2876.2083
1993,2147.8608
1994,4764.73
1995,2518.7573
1996,3653.243
1997,704.9796
1998,2159.2847
1999,1732.9557
2000,2239.041
2001,592.88556
2002,811.6668
2003,2901.0671
2004,3177.584
2005,2902.86
2006,2468.0896
2007,3187.2148
2008,2385.6511
2009,2873.5762
2010,506.40363
2011,3922.981
2012,390.18924
2013,757.32117
2014,2147.8608
2015,3177.584
2016,751.70685
2017,1650.9698
2018,3962.5532
2019,131.85054
2020,2480.6667
2021,1938.5989
2022,3165.29
2023,2046.3956
2024,737.5438
2025,2666.6606
2026,2891.4363
2027,899.628
2028,5144.4307
2029,3463.345
2030,1490.6146
2031,1915.0818
2032,4520.37
2033,1694.5798
2034,2239.041
2035,1915.0818
2036,3194.9788
2037,937.7607
2038,821.70575
2039,3155.5632
2040,2504.4563
2041,2468.0896
2042,1672.269
2043,3581.409
2044,2119.224
2045,704.9796
2046,2894.681
2047,3138.8813
2048,2594.287
2049,1934.3242
2050,2470.7217
2051,1259.4747
2052,727.91296
2053,2844.9592
2054,2826.8252
2055,737.5438
2056,937.7607
2057,630.7766
2058,3165.5347
2059,947.39154
2060,2562.8328
2061,2912.491
2062,6539.8916
2063,937.7607
2064,1888.4286
2065,821.29767
2066,726.891
2067,947.39154
2068,1734.7488
2069,3135.3218
2070,2147.8608
2071,3386.248
2072,384.2693
2073,2130.648
2074,2022.7495
2075,563.3921
2076,821.70575
2077,4733.497
2078,3150.9307
2079,1659.3965
2080,1672.269
2081,3903.7754
2082,329.31808
2083,384.2693
2084,1684.9491
2085,1921.4663
2086,2649.1592
2087,727.29034
2088,2888.407
2089,1346.6924
2090,3205.2402
2091,3954.8662
2092,1730.3236
2093,3175.1655
2094,811.6668
2095,1318.9713
2096,1926.5056
2097,2470.7217
2098,2227.6172
2099,2913.5024
2100,1887.5433
2101,2157.4917
2102,1415.9202
2103,3176.9585
2104,3445.6821
2105,2461.0908
2106,656.34106
2107,2832.589
2108,3165.5347
2109,3138.8813
2110,1648.8589
2111,2116.3474
2112,773.94226
2113,3476.0254
2114,818.6655
2115,326.3989
2116,2461.0908
2117,960.0714
2118,773.94226
2119,2665.3945
2120,4037.9895
2121,2470.7217
2122,4743.045
2123,5074.822
2124,2805.9373
2125,695.61194
2126,3192.983
2127,2152.9587
2128,5423.9844
2129,2465.4387
2130,1564.4708
2131,434.10922
2132,1730.3236
2133,3138.8813
2134,968.275
2135,384.2693
2136,3014.5408
2137,4002.071
2138,1051.1108
2139,811.6668
2140,4206.2476
2141,4053.4688
2142,3014.5408
2143,2569.4282
2144,2666.6606
2145,2491.9429
2146,445.4603
2147,3165.5347
2148,3430.007
2149,4094.861
2150,2147.8608
2151,1922.0804
2152,1524.6748
2153,2891.4363
2154,2666.6606
2155,947.39154
2156,5086.2456
2157,3174.1006
2158,1887.7317
2159,704.9796
2160,2891.4363
2161,960.0714
2162,516.0582
2163,326.3989
2164,1381.2902
2165,1925.8108
2166,1660.7673
2167,85.09209
2168,947.39154
2169,6324.2646
2170,2470.7217
2171,1732.9557
2172,2562.8328
2173,3165.5347
2174,1766.5752
2175,1108.2108
2176,2891.4363
2177,3335.475
2178,734.9117
2179,88.126755
2180,668.3794
2181,3150.3066
2182,3451.9263
2183,4002.071
2184,1814.5378
2185,6140.6387
2186,536.73883
2187,5920.1836
2188,2849.3726
2189,1662.6383
2190,811.6668
2191,3359.8394
2192,4055.6575
2193,818.6655
2194,1130.8792
2195,2119.224
2196,1549.1587
2197,3194.9788
2198,4080.5164
2199,2109.5933
2200,4131.483
2201,5086.2456
2202,2003.1368
2203,673.44025
2204,5086.2456
2205,1259.4747
2206,1490.6146
2207,2166.2834
2208,6539.8916
2209,1922.0804
2210,1832.7847
2211,727.91296
2212,107.91803
2213,937.7607
2214,3445.6821
2215,1948.8164
2216,1743.0581
2217,4078.4983
2218,2227.6172
2219,3207.6643
2220,811.6668
2221,5399.8853
2222,560.87274
2223,3898.3647
2224,1662.6383
2225,2385.7827
2226,2504.4563
2227,1544.103
2228,1069.6466
2229,1704.9453
2230,326.3989
2231,3939.6807
2232,3913.4917
2233,821.29767
2234,4508.9463
2235,695.61194
2236,3451.9263
2237,563.3921
2238,3963.8918
2239,3935.8125
2240,384.2693
2241,3147.6746
2242,1073.4216
2243,1058.1095
2244,1731.07
2245,1291.9766
2246,2876.2083
2247,2455.7368
2248,4091.392
2249,3116.275
2250,406.58005
2251,2876.2083
2252,2891.4363
2253,2510.747
2254,653.42316
2255,2809.4968
2256,133.0815
2257,2891.4363
2258,1648.8589
2259,3922.981
2260,944.7594
2261,737.5438
2262,3914.8218
2263,2931.01
2264,3121.0212
2265,3899.7065
2266,1637.0857
2267,5701.077
2268,811.6668
2269,749.7722
2270,1490.6146
2271,3165.5347
2272,3946.9485
2273,5086.2456
2274,566.2323
2275,1499.4049
2276,724.6582
2277,1399.4104
2278,3198.6387
2279,2237.5798
2280,4722.073
2281,1499.4049
2282,1425.5509
2283,690.1396
2284,2159.2847
2285,1073.4216
2286,4040.969
2287,3427.822
2288,2131.6594
2289,2902.86
2290,540.33154
2291,2576.3308
2292,2126.55
2293,944.7594
2294,1060.7416
2295,391.8084
2296,2669.7014
2297,2974.0571
2298,811.6668
2299,2455.7368
2300,3138.8813
2301,375.799
2302,579.9678
2303,2154.8596
2304,2159.2847
2305,3942.2334
2306,702.3475
2307,1730.079
2308,1425.5509
2309,750.32245
2310,811.6668
2311,1551.7908
2312,2907.216
2313,5399.8853
2314,2666.6606
2315,1799.5531
2316,3461.0405
2317,3150.4993
2318,3173.7798
2319,3670.8767
2320,3194.9788
2321,1115.3452
2322,2461.0908
2323,3086.649
2324,2239.041
2325,4079.3398
2326,2345.0176
2327,1914.387
2328,1415.9202
2329,3789.8127
2330,1662.6383
2331,944.7594
2332,2130.648
2333,3347.161
2334,2479.5134
2335,2035.0784
2336,593.43695
2337,3138.8813
2338,3653.243
2339,926.0922
2340,695.34875
2341,1534.3055
2342,799.99835
2343,3893.9014
2344,2470.2305
2345,470.75
2346,3138.8813
2347,3206.4026
2348,1261.1841
2349,937.7607
2350,2483.4016
2351,645.77686
2352,1259.4747
2353,3160.1807
2354,3165.5347
2355,3150.3066
2356,128.81587
2357,1228.0559
2358,2024.1914
2359,4745.867
2360,3186.5894
2361,3975.4177
2362,593.43695
2363,2873.422
2364,403.25446
2365,506.40363
2366,4041.7512
2367,3955.4414
2368,1490.6146
2369,2891.4363
2370,3165.5347
2371,811.6668
2372,2984.5566
2373,1925.8108
2374,2170.1716
2375,947.39154
2376,1381.2902
2377,1831.4796
2378,2104.2393
2379,1524.6748
2380,563.3921
2381,896.99585
2382,2157.4917
2383,3835.8948
2384,2152.9587
2385,3176.9585
2386,311.83273
2387,2482.1455
2388,1206.9502
2389,1060.7416
2390,716.2445
2391,593.43695
2392,4206.2476
2393,411.79846
2394,726.28265
2395,727.3891
2396,811.6668
2397,1658.4896
2398,1415.9202
2399,3857.2405
2400,3697.6238
2401,2683.2546
2402,1648.8589
2403,2154.8596
2404,603.083
2405,3194.9788
2406,3175.1655
2407,5086.2456
2408,397.7834
2409,734.9117
2410,1415.9202
2411,727.91296
2412,506.40363
2413,2109.5933
2414,2632.8857
2415,3653.243
2416,2480.6667
2417,2468.0896
2418,1550.5149
2419,2109.3486
2420,473.47913
2421,2119.224
2422,2082.94
2423,5074.822
2424,2666.6606
2425,2683.2546
2426,3653.243
2427,2649.1592
2428,2227.6172
2429,3290.1667
2430,947.39154
2431,821.29767
2432,3661.395
2433,326.3989
2434,2666.6606
2435,4037.9895
2436,2694.6785
2437,2596.08
2438,2012.7676
2439,2666.6606
2440,3789.8127
2441,727.91296
2442,4078.743
2443,3177.584
2444,2470.7217
2445,2803.3052
2446,2237.5798
2447,4087.6304
2448,2584.6562
2449,2580.8975
2450,3207.6643
2451,3605.5918
2452,821.70575
2453,1534.3055
2454,1655.8575
2455,95.130226
2456,1924.7125
2457,3692.0244
2458,1350.2734
2459,4041.7512
2460,1105.5787
2461,1648.8589
2462,2815.8113
2463,4111.103
2464,3195.615
2465,1399.4104
2466,971.1854
2467,2676.922
2468,1718.9825
2469,947.39154
2470,737.5438
2471,2901.0671
2472,445.4603
2473,2012.7676
2474,2843.2314
2475,1115.3452
2476,727.91296
2477,1082.7809
2478,3949.928
2479,311.83273
2480,3150.4993
2481,1499.4049
2482,1732.9557
2483,2517.8054
2484,3165.5347
2485,704.9796
2486,2119.224
2487,2517.8054
2488,385.14523
2489,2885.0
2490,695.34875
2491,3476.0254
2492,1399.4104
2493,4743.045
2494,2082.94
2495,2746.4622
2496,2032.4463
2497,3919.2852
2498,1717.5011
2499,343.785
2500,1130.8792
2501,1422.9188
2502,1662.6383
2503,727.91296
2504,311.83273
2505,164.9605
2506,3175.1655
2507,1259.4747
2508,2109.5933
2509,2140.386
2510,3150.4993
2511,1367.9916
2512,2461.0908
2513,3427.822
2514,1978.1936
2515,467.77106
2516,321.47424
2517,1425.5509
2518,2138.9028
2519,1658.4896
2520,5086.2456
2521,3165.5347
2522,85.09209
2523,1490.6146
2524,3427.822
2525,2191.2263
2526,2888.407
2527,1104.6924
2528,1861.1348
2529,3381.0981
2530,3138.8813
2531,2584.6562
2532,1270.8148
2533,3939.6807
2534,904.246
2535,1973.8165
2536,1415.9202
2537,944.7594
2538,3859.994
2539,3887.6572
2540,1389.7797
2541,947.39154
2542,3641.819
2543,3332.176
2544,1722.5386
2545,1075.0627
2546,2886.0823
2547,5074.822
2548,2326.3237
2549,3194.9788
2550,2891.4363
2551,3666.9016
2552,3150.3066
2553,3165.5347
2554,704.9796
2555,4206.2476
2556,3637.242
2557,1669.637
2558,1562.7251
2559,3165.5347
2560,2082.94
2561,265.1663
2562,3374.8242
2563,1558.0994
2564,2849.3726
2565,2159.2847
2566,560.87274
2567,3930.0073
2568,563.3921
2569,1422.9188
2570,2159.2847
2571,2131.904
2572,1777.999
2573,1922.0804
2574,3165.5347
2575,1206.9502
2576,3161.7305
2577,3161.923
2578,3887.4126
2579,2168.9155
2580,1637.1904
2581,2821.1653
2582,821.29767
2583,1447.8617
2584,490.76846
2585,2147.8608
2586,6119.7764
2587,3963.1538
2588,3875.9353
2589,4722.073
2590,2687.7053
2591,1399.4104
2592,1108.2108
2593,1268.1827
2594,3138.8813
2595,1259.4747
2596,3104.851
2597,406.33542
2598,1378.1112
2599,2237.5798
2600,352.5394
2601,2091.5596
2602,1684.9491
2603,2434.4375
2604,2121.2075
2605,384.2693
2606,2128.0159
2607,2776.6519
2608,1723.325
2609,88.126755
2610,737.5438
2611,1672.269
2612,3451.9263
2613,1684.9491
2614,1644.1891
2615,2119.224
2616,1404.2517
2617,3469.7812
2618,3138.8813
2619,1926.5056
2620,2652.8813
2621,397.7834
2622,403.23224
2623,4206.2476
2624,3905.9507
2625,326.3989
2626,411.79846
2627,1936.1364
2628,339.9604
2629,1166.4742
2630,1926.5056
2631,5086.2456
2632,1415.9202
2633,2891.4363
2634,6551.3154
2635,1551.7908
2636,3165.5347
2637,1506.7808
2638,702.3475
2639,2482.1455
2640,2821.1653
2641,592.393
2642,1662.6383
2643,2891.4363
2644,2694.6785
2645,1425.5509
2646,2683.2546
2647,1544.3903
2648,467.77106
2649,6129.215
2650,574.8159
2651,3308.1265
2652,506.40363
2653,3138.8813
2654,3799.265
2655,3138.8813
2656,1672.269
2657,3014.5408
2658,2441.4363
2659,1805.157
2660,1060.7416
2661,3165.29
2662,1270.8148
2663,384.2693
2664,944.7594
2665,1924.7125
2666,4142.9067
2667,1732.1693
2668,1887.7317
2669,3206.4026
2670,2504.4563
2671,1769.6628
2672,1115.3452
2673,1672.269
2674,1915.0818
2675,2649.1592
2676,1399.4104
2677,351.62885
2678,2237.5798
2679,2470.7217
2680,601.5737
2681,1399.4104
2682,4094.861
2683,2212.6323
2684,3138.8813
2685,1915.0818
2686,1740.7007
2687,889.99713
2688,2109.5933
2689,1358.3608
2690,3014.5408
2691,821.29767
2692,1394.3699
2693,3175.1655
2694,506.40363
2695,3169.4055
2696,2191.2263
2697,2159.2847
2698,5762.208
2699,2873.5762
2700,1672.269
2701,2566.7961
2702,3908.5776
2703,2490.2976
2704,2584.6562
2705,811.6668
2706,2649.1592
2707,2894.681
2708,1535.3171
2709,2490.2976
2710,2876.2083
2711,3774.406
2712,552.53674
2713,2587.5774
2714,3160.7607
2715,2704.3093
2716,1924.7125
2717,750.32245
2718,1926.5056
2719,1888.4286
2720,818.6655
2721,326.3989
2722,3165.5347
2723,1800.7318
2724,2569.4282
2725,2830.7961
2726,1490.6146
2727,211.5027
2728,2652.8813
2729,695.61194
2730,3641.819
2731,1672.269
2732,1938.5989
2733,2168.9155
2734,3424.0554
2735,1060.7416
2736,3150.3066
2737,2784.8552
2738,937.7607
2739,1684.9491
2740,811.6668
2741,2849.3726
2742,1909.7278
2743,2472.5146
2744,2128.0159
2745,1914.387
2746,3887.6572
2747,3469.7812
2748,735.2244
2749,1694.5798
2750,2845.1484
2751,88.126755
2752,2888.407
2753,2803.3052
2754,818.6655
2755,2371.632
2756,1270.8148
2757,1924.7125
2758,2891.4363
2759,3150.3066
2760,352.5394
2761,3917.8013
2762,3176.9585
2763,3469.7812
2764,531.85535
2765,947.39154
2766,2652.8813
2767,2649.1592
2768,1346.6924
2769,947.39154
2770,4216.509
2771,352.5394
2772,3911.1304
2773,2154.8596
2774,2434.4375
2775,2501.8242
2776,960.0714
2777,2578.22
2778,593.43695
2779,428.33823
2780,3176.9585
2781,5399.8853
2782,1542.16
2783,3175.1655
2784,3974.2275
2785,3150.1594
2786,2902.86
2787,6129.215
2788,420.09415
2789,1671.1697
2790,1926.5056
2791,3165.29
2792,937.7607
2793,6119.7764
2794,3165.5347
2795,470.75
2796,1130.8792
2797,1268.1827
2798,85.09209
2799,161.92583
2800,1922.0804
2801,3497.9487
2802,2887.632
2803,3159.0984
2804,2803.3052
2805,3138.8813
2806,2900.0022
2807,352.5394
2808,1404.2517
2809,3476.7852
2810,2470.7217
2811,1669.637
2812,3966.8943
2813,727.91296
2814,2803.3052
2815,1293.1256
2816,2470.7217
2817,2834.3877
2818,702.3475
2819,397.7834
2820,1524.6748
2821,2794.512
2822,3961.0486
2823,390.18924
2824,3159.7239
2825,3662.1008
2826,4508.9463
2827,403.23224
2828,2694.6785
2829,329.31808
2830,329.31808
2831,3176.9585
2832,2901.0671
2833,1672.269
2834,2803.3052
2835,5725.1763
2836,391.8084
2837,579.9678
2838,3971.3364
2839,1261.1841
2840,2649.1592
2841,944.7594
2842,3194.9788
2843,329.31808
2844,2572.5925
2845,1704.9453
2846,717.26013
2847,2409.9373
2848,321.47424
2849,947.39154
2850,551.7118
2851,186.15727
2852,3159.7239
2853,4002.071
2854,3147.371
2855,821.29767
2856,1723.325
2857,3641.819
2858,811.6668
2859,2885.0
2860,2434.4375
2861,3194.9788
2862,329.31808
2863,1199.0991
2864,2147.8608
2865,357.61606
2866,937.7607
2867,1549.1587
2868,3987.702
2869,5399.8853
2870,944.7594
2871,377.03143
2872,821.70575
2873,3147.6746
2874,737.5438
2875,3189.0078
2876,3641.819
2877,2902.86
2878,2649.1592
2879,1801.183
2880,1060.7416
2881,2109.5933
2882,2784.8176
2883,3535.1936
2884,3481.205
2885,724.25885
2886,4102.816
2887,1926.5056
2888,3147.6746
2889,2546.1824
2890,3469.7812
2891,799.99835
2892,3643.047
2893,947.39154
2894,695.34875
2895,2424.922
2896,737.5438
2897,412.5
2898,563.14746
2899,2482.1455
2900,2632.8857
2901,840.97626
2902,3165.5347
2903,3175.1655
2904,4037.9895
2905,161.92583
2906,1425.5509
2907,2715.1963
2908,2470.7217
2909,1051.1108
2910,411.79846
2911,5435.408
2912,2891.4363
2913,926.0922
2914,3918.5835
2915,3335.7898
2916,506.40363
2917,926.0922
2918,737.9511
2919,3147.6746
2920,2119.224
2921,384.2693
2922,2891.4363
2923,563.14746
2924,2891.4363
2925,2902.86
2926,695.34875
2927,3165.5347
2928,746.79266
2929,773.94226
2930,4020.332
2931,2128.2063
2932,937.7607
2933,2082.94
2934,3159.0984
2935,1914.387
2936,3887.6572
2937,2888.407
2938,2154.8596
2939,1346.6924
2940,2476.8625
2941,1704.9453
2942,2569.4282
2943,2683.2546
2944,3206.4026
2945,1522.8038
2946,1914.387
2947,3103.4912
2948,1367.9916
2949,811.6668
2950,3954.8662
2951,3135.3218
2952,4076.3604
2953,1672.269
2954,2794.512
2955,3150.3066
2956,1108.2108
2957,724.6582
2958,2694.6785
2959,878.3287
2960,3920.0015
2961,1490.6146
2962,1542.16
2963,1425.5509
2964,821.29767
2965,1876.1195
2966,3509.2788
2967,3653.243
2968,563.3921
2969,1259.4747
2970,2913.747
2971,3946.9485
2972,3165.5347
2973,4115.677
2974,329.31808
2975,1703.7872
2976,960.0714
2977,3674.794
2978,3920.627
2979,326.3989
2980,2566.7961
2981,2891.4363
2982,326.3989
2983,186.15727
2984,821.70575
2985,1978.1936
2986,3661.395
2987,2921.5166
2988,3194.9788
2989,329.31808
2990,4037.9895
2991,683.6803
2992,818.6655
2993,2109.3486
2994,734.9117
2995,2461.0908
2996,2705.5654
2997,3014.5408
2998,1924.7125
2999,4181.1235
3000,1084.6935
3001,3893.9014
3002,1922.0804
3003,3939.2097
3004,4069.0925
3005,2710.703
3006,2121.017
3007,2461.0908
3008,3487.4492
3009,5086.2456
3010,5074.822
3011,1672.269
3012,1672.269
3013,5098.6157
3014,2694.4675
3015,967.0701
3016,3308.3086
3017,601.5737
3018,2925.171
3019,2455.7368
3020,4217.6714
3021,2128.2063
3022,1915.0818
3023,428.33823
3024,3157.9817
3025,3177.584
3026,3887.6572
3027,164.9605
3028,321.47424
3029,1415.9202
3030,2227.6172
3031,377.03143
3032,2074.804
3033,2479.5134
3034,593.43695
3035,2089.9387
3036,1672.269
3037,3476.7852
3038,1098.5801
3039,1669.637
3040,2462.8066
3041,937.7607
3042,2410.3115
3043,3150.1594
3044,3165.5347
3045,2517.8054
3046,3878.9165
3047,329.31808
3048,3150.3066
3049,1259.4747
3050,1979.3322
3051,947.39154
3052,2584.6562
3053,1530.4916
3054,1732.9557
3055,1499.4049
3056,3641.819
3057,6140.6387
3058,1130.8792
3059,2462.8066
3060,107.40286
3061,3150.1594
3062,716.2445
3063,1672.269
3064,311.83273
3065,2461.0908
3066,724.75696
3067,208.46803
3068,1704.9453
3069,896.99585
3070,1396.7783
3071,1268.1827
3072,566.0649
3073,734.9117
3074,727.91296
3075,3165.5347
3076,5086.2456
3077,5423.9844
3078,1199.0991
3079,1399.4104
3080,2470.7217
3081,2082.94
3082,4743.045
3083,730.893
3084,1732.9557
3085,130.22878
3086,2259.1375
3087,377.03143
3088,5144.4307
3089,1378.1112
3090,2227.6172
3091,1106.5747
3092,2716.9893
3093,2891.4363
3094,2104.2393
3095,1924.7125
3096,336.78897
3097,3147.6746
3098,3641.819
3099,2926.654
3100,3592.5017
3101,2157.4917
3102,2159.2847
3103,3949.331
3104,1832.7847
3105,2888.407
3106,2104.2393
3107,746.66833
3108,3789.8127
3109,332.89807
3110,710.84216
3111,352.5394
3112,920.8058
3113,2366.1748
3114,4352.6216
3115,969.7023
3116,3176.9585
3117,702.3475
3118,3014.5408
3119,821.29767
3120,3175.1655
3121,4743.045
3122,821.29767
3123,3893.9014
3124,1199.9515
3125,326.3989
3126,2528.067
3127,3654.8523
3128,3165.5347
3129,1983.4823
3130,2109.5933
3131,3643.047
3132,3641.819
3133,2461.0908
3134,2334.756
3135,2888.407
3136,2876.2083
3137,1051.1108
3138,3697.6238
3139,1399.4104
3140,2849.3726
3141,6188.4453
3142,3165.5347
3143,695.34875
3144,3864.915
3145,947.39154
3146,3641.819
3147,1358.3608
3148,3926.028
3149,819.1434
3150,2873.5762
3151,811.6668
3152,161.92583
3153,4080.122
3154,1447.8617
3155,702.3475
3156,5399.8853
3157,2843.2314
3158,2121.2075
3159,774.45605
3160,6234.5273
3161,2239.041
3162,3942.6602
3163,348.70966
3164,3262.5923
3165,937.7607
3166,3165.5347
3167,554.1661
3168,6330.861
3169,3207.6643
3170,3808.1062
3171,1389.7797
3172,4052.0896
3173,1405.084
3174,944.7594
3175,2562.8328
3176,2036.5363
3177,1915.0818
3178,3469.7812
3179,3500.8843
3180,2024.1914
3181,1399.4104
3182,566.0649
3183,737.5438
3184,3924.6958
3185,3165.5347
3186,878.3287
3187,2794.512
3188,3469.7812
3189,1672.269
3190,2869.2336
3191,1878.101
3192,1914.387
3193,2472.5146
3194,3481.205
3195,947.39154
3196,1425.5509
3197,2470.7217
3198,1732.1693
3199,2901.0671
3200,1704.9453
3201,2683.2546
3202,2159.2847
3203,3666.5208
3204,2933.7153
3205,536.73883
3206,387.22284
3207,352.5394
3208,397.7834
3209,563.3921
3210,2025.4476
3211,3165.5347
3212,1261.1841
3213,937.7607
3214,1723.325
3215,3176.9585
3216,2517.8054
3217,2803.3052
3218,1602.1588
3219,3194.9788
3220,1658.4896
3221,738.55524
3222,606.6775
3223,749.3005
3224,4143.887
3225,1358.3608
3226,1548.4686
3227,2237.5798
3228,2119.224
3229,2191.2263
3230,1130.8792
3231,88.126755
3232,2888.407
3233,3697.6238
3234,2673.261
3235,6258.6265
3236,727.91296
3237,2468.0896
3238,2517.8054
3239,470.75
3240,2024.1914
3241,418.80707
3242,1394.3699
3243,4072.8542
3244,2666.6606
3245,637.70654
3246,2821.1653
3247,3653.243
3248,1684.9491
3249,2089.9387
3250,2587.5774
3251,2109.5933
3252,2891.1917
3253,811.6668
3254,2461.0908
3255,1724.421
3256,1922.0804
3257,161.92583
3258,3138.8813
3259,3451.9211
3260,1926.5056
3261,2441.4363
3262,1199.9515
3263,1051.1108
3264,375.799
3265,932.8624
3266,734.9117
3267,506.40363
3268,3175.1655
3269,726.28265
3270,2901.0671
3271,615.4907
3272,1081.9033
3273,2827.099
3274,3671.215
3275,2483.157
3276,2853.107
3277,2212.6323
3278,3697.6238
3279,2424.922
3280,352.5394
3281,699.41833
3282,186.15727
3283,3476.0254
3284,3481.205
3285,2116.592
3286,1922.0804
3287,3596.2634
3288,3272.026
3289,2470.7217
3290,2366.1748
3291,2876.2083
3292,233.6265
3293,3653.243
3294,336.78897
3295,3014.5408
3296,4011.3362
3297,2673.261
3298,1082.7809
3299,2121.017
3300,937.7607
3301,1662.6383
3302,2462.8066
3303,2012.7676
3304,3891.097
3305,2821.1653
3306,2470.7217
3307,3497.2295
3308,1662.6383
3309,2649.1592
3310,1658.4896
3311,3272.026
3312,4109.8457
3313,384.2693
3314,4013.3057
3315,737.5438
3316,562.4705
3317,2104.2393
3318,1907.6396
3319,428.33823
3320,3181.3145
3321,2886.0823
3322,2683.2546
3323,4607.321
3324,2141.535
3325,377.03143
3326,3135.3218
3327,2456.4424
3328,3995.2363
3329,3663.5044
3330,3150.4993
3331,2461.0908
3332,5168.2246
3333,4047.9954
3334,1415.9202
3335,2404.1804
3336,1278.8251
3337,818.6655
3338,2119.224
3339,695.34875
3340,110.53617
3341,2859.7646
3342,1381.2902
3343,2470.7217
3344,1955.8151
3345,3319.5164
3346,329.31808
3347,3236.1475
3348,4011.3362
3349,563.3921
3350,1429.033
3351,329.31808
3352,3887.6572
3353,4072.072
3354,704.9796
3355,3165.5347
3356,1068.7518
3357,2082.94
3358,3177.584
3359,937.7607
3360,653.42316
3361,2596.08
3362,1425.5509
3363,1655.8575
3364,326.3989
3365,576.42975
3366,5399.8853
3367,3666.5208
3368,1650.9698
3369,1082.7809
3370,1531.6735
3371,821.29767
3372,821.70575
3373,1490.6146
3374,5144.4307
3375,2821.1653
3376,2109.5933
3377,2914.9856
3378,377.03143
3379,1672.269
3380,3975.5217
3381,2683.2546
3382,811.6668
3383,479.75034
3384,2864.783
3385,1876.1195
3386,2692.1033
3387,4103.8193
3388,2876.2083
3389,2116.592
3390,563.3921
3391,1411.2504
3392,4128.3833
3393,1100.6221
3394,3176.9585
3395,1404.2517
3396,1672.269
3397,2652.8813
3398,3777.945
3399,6059.0337
3400,375.799
3401,737.5438
3402,2105.2507
3403,1438.231
3404,2366.1748
3405,3887.6572
3406,1658.4896
3407,2468.0896
3408,1869.6113
3409,3189.0078
3410,2109.5933
3411,5074.822
3412,3989.786
3413,1648.8589
3414,3893.9014
3415,2169.927
3416,1657.9685
3417,3205.0322
3418,1270.8148
3419,937.7607
3420,3150.3066
3421,695.61194
3422,1648.8589
3423,1887.5433
3424,2504.4563
3425,4010.3262
3426,3175.1655
3427,1372.5842
3428,2237.5798
3429,2977.6167
3430,2147.8608
3431,2891.4363
3432,1394.3699
3433,1358.3608
3434,390.18924
3435,1672.269
3436,1743.0581
3437,6469.7104
3438,739.57086
3439,3944.0176
3440,4087.6304
3441,1425.5509
3442,811.6668
3443,2227.6172
3444,2683.01
3445,2849.3726
3446,2239.041
3447,1530.4916
3448,821.29767
3449,3942.6602
3450,2012.7676
3451,1535.3171
3452,4037.7449
3453,2157.4917
3454,3138.8813
3455,2888.407
3456,2147.8608
3457,3469.7812
3458,1489.8496
3459,6059.0337
3460,727.91296
3461,1864.3024
3462,107.91803
3463,3165.5347
3464,2109.3486
3465,716.2445
3466,3161.923
3467,1381.2902
3468,336.78897
3469,2977.6167
3470,1542.16
3471,2455.7368
3472,2876.2083
3473,161.92583
3474,1261.1841
3475,2596.08
3476,1684.9491
3477,3153.8662
3478,1285.6152
3479,2109.5933
3480,944.7594
3481,695.61194
3482,6258.6265
3483,1658.4896
3484,1499.4049
3485,2470.7217
3486,2891.4363
3487,889.99713
3488,350.3782
3489,2891.4363
3490,574.8159
3491,3451.9211
3492,1658.4896
3493,1648.8589
3494,811.6668
3495,2434.4375
3496,4041.7512
3497,889.99713
3498,4041.7512
3499,1924.7125
3500,4206.2476
3501,937.7607
3502,321.47424
3503,2788.4902
3504,947.39154
3505,2891.4363
3506,2873.5762
3507,4206.2476
3508,2109.5933
3509,2546.1824
3510,947.39154
3511,3165.5347
3512,1367.9916
3513,3165.5347
3514,583.2822
3515,97.26521
3516,1382.3127
3517,4764.73
3518,3512.308
3519,3944.0176
3520,3776.5815
3521,2480.6667
3522,2826.8252
3523,4037.9895
3524,3176.9585
3525,3884.676
3526,4033.174
3527,2512.6748
3528,2159.2847
3529,3918.7603
3530,2492.0906
3531,3165.5347
3532,1415.9202
3533,3217.284
3534,3980.434
3535,3147.6746
3536,348.2128
3537,5423.9844
3538,734.9117
3539,2861.2234
3540,3014.5408
3541,716.2445
3542,1743.0581
3543,2109.5933
3544,1069.6466
3545,1876.1195
3546,2109.5933
3547,2460.8462
3548,1694.5798
3549,1209.5823
3550,1419.0891
3551,3165.29
3552,2676.922
3553,690.679
3554,1358.3608
3555,750.2237
3556,2864.783
3557,384.2693
3558,727.91296
3559,3205.2402
3560,4047.2131
3561,1270.8148
3562,3195.615
3563,947.39154
3564,2665.3945
3565,1425.5509
3566,329.31808
3567,2131.904
3568,1887.7317
3569,2933.7153
3570,695.61194
3571,2474.2305
3572,3150.4993
3573,2550.6716
3574,3138.8813
3575,414.11917
3576,6140.6387
3577,3216.664
3578,2864.783
3579,1399.4104
3580,1895.4272
3581,4078.743
3582,4655.7485
3583,3476.0254
3584,1803.3639
3585,2157.4917
3586,1125.6067
3587,2012.7676
3588,2154.8596
3589,2902.86
3590,969.7023
3591,2901.0671
3592,937.7607
3593,1885.0996
3594,1365.3595
3595,778.21783
3596,311.83273
3597,4102.816
3598,3922.981
3599,1704.9453
3600,579.9678
3601,2472.5146
3602,1715.2068
3603,1648.8589
3604,107.30335
3605,2470.7217
3606,1926.5056
3607,811.6668
3608,473.64636
3609,3189.0078
3610,2227.6172
3611,3833.3406
3612,3287.254
3613,357.61606
3614,937.7607
3615,1852.8053
3616,3469.7812
3617,1694.5798
3618,1209.3606
3619,4293.391
3620,5074.822
3621,2167.207
3622,3820.9158
3623,2546.1824
3624,3943.9067
3625,1490.6146
3626,2517.8054
3627,2237.5798
3628,352.5394
3629,4078.743
3630,1673.2806
3631,2461.0908
3632,604.0669
3633,3473.1255
3634,2461.0908
3635,563.3921
3636,3655.097
3637,3135.3218
3638,329.31808
3639,2461.0908
3640,3666.5208
3641,746.5696
3642,944.7594
3643,1662.6383
3644,4137.727
3645,1425.5509
3646,760.12415
3647,2191.2263
3648,1381.2902
3649,2891.4363
3650,1522.1348
3651,3162.356
3652,2891.4363
3653,3160.7607
3654,2121.017
3655,2546.1824
3656,2584.6562
3657,937.7607
3658,2227.6172
3659,1933.5043
3660,3604.3445
3661,4625.2334
3662,2891.4363
3663,2467.845
3664,352.5394
3665,3522.6265
3666,2927.5486
3667,352.5394
3668,615.84644
3669,1385.1099
3670,695.34875
3671,391.8084
3672,2891.4363
3673,2832.589
3674,2687.7053
3675,3962.5532
3676,1285.6152
3677,1672.269
3678,2239.041
3679,428.33823
3680,3138.8813
3681,3140.1216
3682,1915.0818
3683,375.799
3684,1657.9685
3685,3655.097
3686,1769.6628
3687,3175.1655
3688,2334.756
3689,2546.1824
3690,4055.6575
3691,3165.5347
3692,3915.779
3693,1399.4104
3694,2666.6606
3695,1381.2902
3696,811.6668
3697,3180.9043
3698,3661.395
3699,1051.1108
3700,2901.0671
3701,1885.0996
3702,3445.6821
3703,593.43695
3704,3451.9263
3705,889.99713
3706,2222.3342
3707,1531.6735
3708,1606.9333
3709,2326.3237
3710,1799.5531
3711,1924.7125
3712,1648.8589
3713,3186.5894
3714,3978.5159
3715,3244.775
3716,1261.1841
3717,5423.9844
3718,2915.9397
3719,3982.7896
3720,937.7607
3721,3445.6821
3722,2587.5774
3723,1997.7828
3724,603.083
3725,2558.003
3726,2461.0908
3727,4103.6274
3728,702.3475
3729,1732.9557
3730,2655.401
3731,1924.7125
3732,747.76874
3733,2794.512
3734,540.33154
3735,606.6775
3736,2820.9207
3737,3308.3086
3738,2891.4363
3739,2794.512
3740,1051.1108
3741,563.3921
3742,811.6668
3743,3641.819
3744,3917.2534
3745,2119.224
3746,353.2084
3747,1888.4286
3748,1425.5509
3749,2130.648
3750,384.2693
3751,3176.9585
3752,2901.0671
3753,2147.8608
3754,2147.6162
3755,1976.4836
3756,695.34875
3757,2683.2546
3758,2470.2305
3759,1199.0991
3760,2683.2546
3761,3476.7852
3762,1662.6383
3763,2902.86
3764,2434.4375
3765,563.3921
3766,1594.2058
3767,4722.073
3768,1270.8148
3769,744.72644
3770,1947.0233
3771,3244.775
3772,727.2983
3773,3512.308
3774,2569.4282
3775,582.7841
3776,4065.2244
3777,811.6668
3778,2776.6519
3779,961.55457
3780,821.29767
3781,1803.3639
3782,737.5438
3783,2861.8813
3784,757.2224
3785,1551.7908
3786,1655.8575
3787,506.40363
3788,3789.8127
3789,1524.6748
3790,1662.6383
3791,1365.3595
3792,726.891
3793,821.70575
3794,4206.2476
3795,3014.5408
3796,3944.4187
3797,6258.6265
3798,3347.161
3799,3930.8096
3800,1259.576
3801,3090.089
3802,1429.033
3803,2012.7676
3804,714.1936
3805,3914.8218
3806,528.7144
3807,3165.5347
3808,3978.5159
3809,3165.5347
3810,579.9678
3811,1873.7585
3812,3287.254
3813,421.57727
3814,1261.1841
3815,947.39154
3816,3004.0254
3817,3912.0173
3818,3165.5347
3819,2901.0671
3820,2147.8608
3821,3165.5347
3822,1662.6383
3823,3140.1216
3824,2705.5654
3825,724.25885
3826,2147.8608
3827,960.0714
3828,2468.0896
3829,2468.0896
3830,4743.045
3831,2089.9387
3832,4115.677
3833,2546.1824
3834,1358.3608
3835,4226.307
3836,1730.3236
3837,752.69586
3838,1261.1841
3839,2109.5933
3840,3150.4993
3841,3150.3066
3842,375.799
3843,2247.8413
3844,3672.8188
3845,717.75824
3846,3165.5347
3847,506.40363
3848,317.64963
3849,1283.4949
3850,3949.928
3851,3463.345
3852,1669.637
3853,1060.7416
3854,3445.6821
3855,479.75034
3856,1130.8792
3857,2483.157
3858,3194.9788
3859,3493.2544
3860,717.26013
3861,1903.4133
3862,444.09677
3863,6401.042
3864,1542.16
3865,470.75
3866,349.14578
3867,2461.0908
3868,2082.94
3869,4197.121
3870,705.991
3871,3165.5347
3872,2424.922
3873,2147.8608
3874,2147.8608
3875,470.75
3876,1876.1195
3877,811.6668
3878,317.64963
3879,1534.3055
3880,2683.2546
3881,2147.8608
3882,603.083
3883,2569.4282
3884,2683.2546
3885,2641.1082
3886,961.71265
3887,411.79846
3888,5074.822
3889,3189.0078
3890,3186.5894
3891,3244.775
3892,699.41833
3893,287.39252
3894,2496.5999
3895,724.25885
3896,1752.6344
3897,1904.7715
3898,563.3921
3899,2569.4282
3900,960.0714
3901,811.6668
3902,1199.9515
3903,1399.4104
3904,821.29767
3905,6258.6265
3906,821.70575
3907,3451.9211
3908,340.87094
3909,673.44025
3910,2461.0908
3911,1389.7797
3912,3194.9788
3913,1422.9188
3914,1885.0996
3915,5074.822
3916,1425.5509
3917,3859.994
3918,2891.4363
3919,1648.8589
3920,2147.8608
3921,2461.0908
3922,5371.901
3923,2901.0671
3924,1662.6383
3925,2649.1592
3926,2159.2847
3927,2109.5933
3928,329.31808
3929,2558.003
3930,2147.8608
3931,842.4594
3932,2873.5762
3933,2666.6606
3934,2409.9373
3935,2142.5068
3936,1669.637
3937,944.7594
3938,1130.8792
3939,371.13016
3940,2003.1368
3941,2713.335
3942,2141.535
3943,873.9785
3944,821.70575
3945,1672.269
3946,1105.5787
3947,1391.5516
3948,1669.637
3949,3940.145
3950,2128.2063
3951,1924.7125
3952,899.628
3953,1669.637
3954,1672.269
3955,3512.308
3956,1524.6748
3957,3451.9211
3958,3463.345
3959,560.87274
3960,1130.8792
3961,2480.6667
3962,3476.0254
3963,2891.4363
3964,2154.8596
3965,724.75696
3966,3944.0176
3967,3425.2678
3968,3014.5408
3969,3165.5347
3970,384.2693
3971,2109.3486
3972,3637.2368
3973,2222.3342
3974,3265.2244
3975,2772.806
3976,3025.9646
3977,821.29767
3978,2143.328
3979,704.9796
3980,1389.7797
3981,1422.9188
3982,4091.392
3983,624.9572
3984,2914.9856
3985,3469.5366
3986,3481.205
3987,1051.1108
3988,1268.1827
3989,1662.6383
3990,783.63293
3991,5074.822
3992,821.70575
3993,4050.0388
3994,384.2693
3995,2472.5146
3996,2119.224
3997,3147.6746
3998,3510.6057
3999,913.9491
4000,506.40363
4001,1058.1095
4002,1723.325
4003,717.26013
4004,4048.5073
4005,1564.4708
4006,1887.7317
4007,3810.7332
4008,604.0669
4009,1684.9491
4010,329.31808
4011,2596.08
4012,1261.1841
4013,1662.6383
4014,3641.819
4015,727.91296
4016,2227.6172
4017,387.22284
4018,1285.6152
4019,4047.2131
4020,5074.822
4021,4004.2817
4022,3347.161
4023,3121.0212
4024,3929.225
4025,818.6655
4026,352.5394
4027,2671.5862
4028,2821.1653
4029,2460.8462
4030,947.39154
4031,2891.4363
4032,3451.9263
4033,3943.4424
4034,2851.2456
4035,3165.29
4036,375.799
4037,2876.2083
4038,3147.43
4039,4060.977
4040,3174.2932
4041,1261.1841
4042,329.31808
4043,2479.5134
4044,5423.9844
4045,3842.139
4046,386.2992
4047,1915.0818
4048,128.81587
4049,2472.5146
4050,2334.756
4051,1209.5823
4052,329.31808
4053,1522.1348
4054,406.58005
4055,3165.5347
4056,5074.822
4057,6140.6387
4058,705.991
4059,164.9605
4060,1396.7783
4061,2891.4363
4062,2130.648
4063,2891.4363
4064,947.39154
4065,1672.269
4066,2891.4363
4067,1937.3926
4068,4607.321
4069,506.40363
4070,3512.308
4071,2191.2263
4072,2821.1653
4073,3461.0405
4074,2461.0908
4075,2803.3796
4076,1423.3623
4077,339.9604
4078,3147.6746
4079,3789.8127
4080,2168.9155
4081,2012.7676
4082,2461.0908
4083,161.92583
4084,821.29767
4085,937.7607
4086,6059.0337
4087,3451.9211
4088,3150.4993
4089,2708.385
4090,3481.205
4091,2873.5762
4092,2434.4375
4093,933.09094
4094,184.23659
4095,1984.482
4096,1696.6718
4097,329.31808
4098,3692.0244
4099,1672.269
4100,3265.2244
4101,1637.0857
4102,1744.3795
4103,3138.8813
4104,161.92583
4105,3165.5347
4106,3874.2656
4107,2925.171
4108,592.88556
4109,2480.6667
4110,1915.0818
4111,1396.7783
4112,2154.8596
4113,1924.7125
4114,2470.7217
4115,2109.5933
4116,734.9117
4117,1415.9202
4118,2454.0134
4119,913.9491
4120,1534.3055
4121,3613.1377
4122,704.9796
4123,1415.9202
4124,3770.2686
4125,2569.4282
4126,1381.2902
4127,311.83273
4128,1513.0063
4129,944.7594
4130,5086.2456
4131,3147.6746
4132,566.0649
4133,2683.2546
4134,3859.994
4135,1885.0996
4136,322.15637
4137,2891.4363
4138,821.29767
4139,1924.7125
4140,3427.822
4141,2790.9524
4142,1650.9698
4143,2584.6562
4144,3189.0078
4145,2109.5933
4146,6258.6265
4147,384.2693
4148,1389.7797
4149,4070.0022
4150,2930.1729
4151,833.97754
4152,3147.6746
4153,390.18924
4154,2116.592
4155,821.29767
4156,1704.9453
4157,1367.9916
4158,3476.0254
4159,397.7834
4160,2806.9392
4161,384.2693
4162,1428.0455
4163,4175.484
4164,2680.6794
4165,2147.8608
4166,375.799
4167,3974.2275
4168,2472.5146
4169,1754.4819
4170,2891.4363
4171,1658.4896
4172,1197.8931
4173,2864.783
4174,3165.5347
4175,2461.0908
4176,1662.6383
4177,2454.0134
4178,2461.0908
4179,1425.5509
4180,2934.8018
4181,717.26013
4182,3728.8674
4183,944.7594
4184,1909.7278
4185,6119.7764
4186,944.7594
4187,677.202
4188,960.0714
4189,1270.8148
4190,727.91296
4191,926.0922
4192,3434.039
4193,1648.8589
4194,3899.081
4195,3641.819
4196,3150.3066
4197,3175.1655
4198,1672.269
4199,3065.8167
4200,2683.01
4201,2834.3877
4202,2584.6562
4203,2936.285
4204,2003.1368
4205,3500.8843
4206,2121.017
4207,2116.592
4208,384.2693
4209,3844.8157
4210,329.31808
4211,2540.1428
4212,357.61606
4213,2143.328
4214,3899.081
4215,428.33823
4216,2157.4917
4217,1646.7164
4218,2130.648
4219,4146.78
4220,1086.9116
4221,1967.5258
4222,2891.4363
4223,899.628
4224,528.7144
4225,2121.2075
4226,470.75
4227,2166.2834
4228,1957.0214
4229,602.8384
4230,2694.4675
4231,479.1
4232,1389.7797
4233,1878.101
4234,1694.5798
4235,1285.6152
4236,2584.4116
4237,2119.224
4238,937.7607
4239,1522.1348
4240,719.14264
4241,3176.9585
4242,1389.7797
4243,1422.9188
4244,1686.4321
4245,352.5394
4246,1924.7125
4247,2109.5933
4248,811.6668
4249,4722.073
4250,161.92583
4251,6401.042
4252,1259.4747
4253,385.14523
4254,1732.9557
4255,164.9605
4256,1805.3661
4257,1256.5143
4258,1249.5156
4259,717.75824
4260,2891.4363
4261,3789.8127
4262,390.18924
4263,2605.711
4264,811.6668
4265,3912.3394
4266,933.09094
4267,1644.0844
4268,2109.5933
4269,2337.7476
4270,5435.408
4271,1482.8191
4272,3726.148
4273,3481.205
4274,3816.9773
4275,1914.387
4276,695.68945
4277,6401.042
4278,2891.4363
4279,3461.0405
4280,4037.9895
4281,1662.6383
4282,1696.986
4283,1915.0818
4284,3481.205
4285,2334.756
4286,2337.7476
4287,1926.5056
4288,352.5394
4289,1924.7125
4290,3303.0337
4291,677.202
4292,1270.8148
4293,388.45526
4294,2239.041
4295,3918.7603
4296,1672.269
4297,2116.592
4298,2237.5798
4299,536.73883
4300,1381.2902
4301,2468.0896
4302,695.34875
4303,1914.387
4304,1399.4104
4305,1394.3699
4306,947.39154
4307,2589.107
4308,811.6668
4309,1662.6383
4310,3174.1006
4311,3165.5347
4312,3150.3066
4313,2901.0671
4314,937.7607
4315,397.7834
4316,1449.3447
4317,85.09209
4318,2809.4968
4319,3655.097
4320,947.39154
4321,375.799
4322,397.7834
4323,3121.149
4324,2270.5613
4325,1832.7847
4326,2901.0671
4327,947.39154
4328,690.1396
4329,2470.7217
4330,1662.6383
4331,3161.7305
4332,3463.9756
4333,704.9796
4334,2937.1794
4335,695.34875
4336,695.61194
4337,1703.7872
4338,1401.905
4339,2482.1455
4340,326.3989
4341,2606.967
4342,3153.8662
4343,1051.1108
4344,1542.16
4345,1270.8148
4346,3290.1667
4347,1051.1108
4348,1425.5509
4349,818.6655
4350,413.7064
4351,4103.6274
4352,3789.8127
4353,2227.6172
4354,4055.6575
4355,1389.7797
4356,2494.8254
4357,2154.8596
4358,726.891
4359,563.3921
4360,384.2693
4361,4059.967
4362,4042.2632
4363,1534.3055
4364,4103.6274
4365,566.0649
4366,4003.2056
4367,2130.648
4368,2933.7153
4369,821.70575
4370,1924.7125
4371,5074.822
4372,821.70575
4373,1390.3024
4374,2891.4363
4375,3176.9585
4376,947.39154
4377,821.29767
4378,5074.822
4379,3918.7603
4380,2147.8608
4381,6001.7886
4382,1551.7908
4383,3265.2244
4384,3175.1655
4385,3641.819
4386,2116.592
4387,727.91296
4388,3192.983
4389,1394.3699
4390,3899.081
4391,811.6668
4392,2159.2847
4393,1381.2902
4394,2891.4363
4395,2901.0671
4396,2676.8184
4397,1270.8148
4398,1039.4424
4399,1669.637
4400,947.39154
4401,371.73303
4402,1158.026
4403,2300.2712
4404,2334.756
4405,2170.1716
4406,5423.9844
4407,1732.9557
4408,1832.7847
4409,108.885956
4410,1415.9202
4411,1399.4104
4412,2914.9856
4413,3165.5347
4414,4037.9895
4415,1915.0818
4416,2612.1045
4417,2558.003
4418,326.3989
4419,1655.8575
4420,960.0714
4421,131.85054
4422,1270.8148
4423,3917.8013
4424,548.7881
4425,1672.269
4426,2873.5762
4427,3663.5044
4428,3944.0176
4429,1723.325
4430,727.3891
4431,412.5
4432,3150.3066
4433,1058.1095
4434,3189.3286
4435,321.47424
4436,1672.269
4437,2436.1533
4438,411.79846
4439,1210.1299
4440,329.31808
4441,3177.584
4442,760.12415
4443,737.5438
4444,3939.2097
4445,1669.637
4446,377.03143
4447,1399.4104
4448,1924.7125
4449,2494.8254
4450,727.91296
4451,601.5737
4452,1662.6383
4453,759.9533
4454,2461.0908
4455,329.31808
4456,1404.2517
4457,937.7607
4458,1542.16
4459,843.20966
4460,1648.8589
4461,3656.7156
4462,3996.0186
4463,561.436
4464,3165.5347
4465,1957.3309
4466,2461.0908
4467,2130.648
4468,811.6668
4469,1389.7797
4470,2470.7217
4471,1524.6748
4472,1039.4424
4473,5074.822
4474,2119.6157
4475,2584.6562
4476,2902.86
4477,1259.4747
4478,1389.7797
4479,1513.0063
4480,664.41626
4481,926.0922
4482,2112.859
4483,3443.0798
4484,581.4895
4485,2927.5486
4486,2665.3945
4487,3165.5347
4488,3654.8523
4489,1415.9202
4490,3147.6746
4491,3205.0322
4492,2891.4363
4493,1389.7797
4494,1394.3699
4495,2109.5933
4496,563.3921
4497,3655.097
4498,3887.4126
4499,4142.9067
4500,2378.9006
4501,2036.5363
4502,1546.9856
4503,3899.081
4504,3461.3745
4505,783.63293
4506,3604.3445
4507,3908.5776
4508,3485.8994
4509,2227.6172
4510,3586.4844
4511,161.92583
4512,3891.097
4513,3451.9263
4514,2470.7217
4515,759.85455
4516,1524.6748
4517,3065.8167
4518,2166.2834
4519,3653.243
4520,2472.5146
4521,1637.0857
4522,1394.3699
4523,4508.9463
4524,2003.1368
4525,1644.4956
4526,4037.7449
4527,3924.6958
4528,4087.6304
4529,6131.2
4530,695.34875
4531,1423.2042
4532,717.26013
4533,4040.969
4534,506.40363
4535,1108.2108
4536,2472.5146
4537,947.39154
4538,2555.0798
4539,2902.86
4540,3177.6602
4541,2376.594
4542,1228.0559
4543,563.3921
4544,2470.7217
4545,387.22284
4546,5399.8853
4547,2157.4917
4548,1938.5989
4549,326.3989
4550,3175.1655
4551,420.09415
4552,2366.1748
4553,3138.8813
4554,2376.594
4555,2566.6226
4556,5435.408
4557,737.5438
4558,3445.6821
4559,2649.1592
4560,2472.5146
4561,391.8084
4562,737.5438
4563,3641.819
4564,2821.1653
4565,3497.2295
4566,3686.2
4567,2666.6606
4568,3185.43
4569,3918.7603
4570,4778.2627
4571,329.31808
4572,3176.9585
4573,3445.6821
4574,815.2095
4575,326.3989
4576,3887.6572
4577,727.91296
4578,2227.6172
4579,821.70575
4580,3111.295
4581,2936.285
4582,1425.5509
4583,3469.5366
4584,1922.0804
4585,2653.0417
4586,5074.822
4587,3512.308
4588,2666.6606
4589,2181.5955
4590,735.2244
4591,265.1663
4592,3878.9165
4593,5066.643
4594,2147.8608
4595,3177.3394
4596,2891.4363
4597,2891.4363
4598,1922.0804
4599,1394.3699
4600,1767.08
4601,3833.9236
4602,3176.9585
4603,1730.3236
4604,1261.1841
4605,2470.7217
4606,2109.5933
4607,1415.9202
4608,2803.3052
4609,2683.2546
4610,4743.045
4611,2157.4917
4612,2378.784
4613,2109.5933
4614,818.6655
4615,2876.2083
4616,563.3921
4617,1915.0818
4618,3111.295
4619,579.9678
4620,717.26013
4621,5086.2456
4622,5086.2456
4623,2159.2847
4624,944.7594
4625,3443.128
4626,695.61194
4627,5074.822
4628,2157.4917
4629,2828.248
4630,3485.8513
4631,384.2693
4632,310.13574
4633,1490.6146
4634,2504.4563
4635,2832.589
4636,3861.004
4637,750.32245
4638,2665.3945
4639,2470.7217
4640,326.3989
4641,3086.649
4642,1681.4764
4643,3637.2368
4644,3655.097
4645,3150.9307
4646,2652.8813
4647,3174.1006
4648,1745.6357
4649,1907.6396
4650,944.7594
4651,737.5438
4652,1648.8589
4653,375.47406
4654,184.23659
4655,937.7607
4656,3887.6572
4657,1249.5156
4658,1482.7493
4659,821.29767
4660,390.18924
4661,4044.2336
4662,1261.1841
4663,3014.5408
4664,1529.8025
4665,695.61194
4666,2649.1592
4667,1367.9916
4668,2109.5933
4669,811.6668
4670,1415.9202
4671,334.1435
4672,577.41364
4673,4053.175
4674,321.47424
4675,2169.927
4676,737.5438
4677,2649.1592
4678,969.7023
4679,3167.6125
4680,2864.783
4681,1997.7828
4682,937.7607
4683,326.3989
4684,2683.2546
4685,161.92583
4686,1637.0857
4687,704.9796
4688,3476.0254
4689,730.893
4690,395.6931
4691,2470.7217
4692,1385.1099
4693,4078.743
4694,2891.4363
4695,2105.2507
4696,3859.994
4697,1680.2793
4698,2169.927
4699,2366.1748
4700,2690.3374
4701,944.7594
4702,2460.8462
4703,1206.9502
4704,2912.491
4705,878.3287
4706,727.91296
4707,4050.0388
4708,448.5626
4709,3469.5366
4710,2012.7676
4711,3920.0015
4712,1259.4747
4713,131.85054
4714,2227.6172
4715,2821.1653
4716,2493.0325
4717,2169.927
4718,1489.8496
4719,605.1936
4720,2468.0896
4721,4041.7512
4722,351.62885
4723,3887.6572
4724,2455.7368
4725,3251.1323
4726,403.25446
4727,390.18924
4728,1723.325
4729,3899.7065
4730,2177.1704
4731,1259.4747
4732,3469.7812
4733,164.9605
4734,1270.8148
4735,1489.8496
4736,811.6668
4737,2649.1592
4738,1732.9557
4739,2666.6606
4740,2683.2546
4741,128.81587
4742,1769.6628
4743,3228.585
4744,3521.3337
4745,1104.6924
4746,3150.9307
4747,4040.969
4748,2504.4563
4749,3908.5776
4750,3931.4043
4751,821.29767
4752,3150.4993
4753,2803.0605
4754,3425.2678
4755,774.45605
4756,1915.0818
4757,1684.9491
4758,3880.9143
4759,1865.1702
4760,737.5438
4761,5074.822
4762,1206.9502
4763,384.2693
4764,2141.535
4765,287.47705
4766,3014.5408
4767,3500.8843
4768,2334.756
4769,747.582
4770,317.64963
4771,3121.0212
4772,128.81587
4773,593.43695
4774,2493.0325
4775,161.92583
4776,2434.4375
4777,2003.1368
4778,1723.325
4779,326.3989
4780,629.87714
4781,2974.0571
4782,1887.5433
4783,1704.9453
4784,811.6668
4785,4216.509
4786,3189.0078
4787,4137.71
4788,2676.922
4789,2817.361
4790,3175.1655
4791,726.891
4792,1915.0818
4793,2821.1653
4794,1582.8214
4795,3876.695
4796,3469.7812
4797,1415.9202
4798,3439.8713
4799,513.6783
4800,6258.6265
4801,509.15237
4802,3451.9211
4803,374.85016
4804,329.31808
4805,2461.0908
4806,423.2223
4807,1922.0804
4808,1876.1195
4809,1852.8053
4810,2845.8357
4811,1513.0063
4812,352.5394
4813,2666.6606
4814,2109.5933
4815,2472.5146
4816,1098.5801
4817,840.97626
4818,2366.1748
4819,1926.5056
4820,326.3989
4821,2366.1748
4822,1662.6383
4823,1270.8148
4824,445.4603
4825,3595.5981
4826,1389.7797
4827,1957.3309
4828,1367.9916
4829,1743.0581
4830,329.31808
4831,3345.7734
4832,944.7594
4833,750.2237
4834,2147.8608
4835,2159.2847
4836,3926.028
4837,695.34875
4838,3147.6746
4839,3147.6746
4840,3138.8813
4841,2482.1455
4842,352.5394
4843,2455.7368
4844,1249.5156
4845,3469.7812
4846,377.03143
4847,3176.9585
4848,3641.819
4849,1957.3309
4850,2692.8855
4851,2694.6785
4852,2683.2546
4853,1684.9491
4854,563.3921
4855,2227.6172
4856,2470.7217
4857,2584.6562
4858,821.29767
4859,3955.4414
4860,2504.4563
4861,3159.0984
4862,1389.7797
4863,3160.1807
4864,821.70575
4865,2024.1914
4866,3890.138
4867,5074.822
4868,2461.0908
4869,1799.5531
4870,1261.1841
4871,695.34875
4872,6469.7104
4873,2141.535
4874,3637.2368
4875,1885.0996
4876,2683.2546
4877,1261.1841
4878,391.8084
4879,1415.9202
4880,695.34875
4881,778.21783
4882,821.29767
4883,3964.8347
4884,1399.4104
4885,3604.3445
4886,4217.6714
4887,3165.5347
4888,133.0815
4889,5086.2456
4890,1743.0581
4891,1389.7797
4892,3290.1667
4893,2870.6313
4894,1556.6163
4895,2891.4363
4896,1534.3055
4897,2566.7961
4898,3147.6746
4899,1499.4049
4900,3165.5347
4901,2888.407
4902,391.8084
4903,1399.4104
4904,3887.6572
4905,3923.7632
4906,620.74945
4907,1346.6924
4908,920.8058
4909,2147.6162
4910,3944.4187
4911,4054.1077
4912,2116.592
4913,3719.8054
4914,649.375
4915,1425.5509
4916,1803.3639
4917,184.23659
4918,2490.1558
4919,375.799
4920,2704.3093
4921,6068.8047
4922,1662.6383
4923,3219.916
4924,3177.584
4925,2472.5146
4926,1415.9202
4927,1832.7847
4928,390.18924
4929,4049.707
4930,499.29117
4931,4733.497
4932,3235.144
4933,2705.5654
4934,2483.4016
4935,683.6803
4936,2676.8184
4937,1945.5975
4938,1926.5056
4939,4206.2476
4940,2470.7217
4941,1381.2902
4942,2109.5933
4943,2121.017
4944,1621.7095
4945,1662.6383
4946,1723.325
4947,2441.4363
4948,1531.6735
4949,737.9511
4950,3165.29
4951,2455.7368
4952,2649.1592
4953,1669.637
4954,4052.0896
4955,2584.6562
4956,2482.1455
4957,2873.5762
4958,375.799
4959,421.57727
4960,1514.6951
4961,2668.0266
4962,2147.8608
4963,1684.9491
4964,818.6655
4965,1551.7908
4966,329.31808
4967,1915.0818
4968,4079.3398
4969,944.7594
4970,1551.7908
4971,186.15727
4972,1389.7797
4973,1611.691
4974,2546.1824
4975,1681.4764
4976,528.7144
4977,937.7607
4978,1672.269
4979,1485.4512
4980,2876.2083
4981,3195.615
4982,2003.1368
4983,896.99585
4984,2467.845
4985,152.60974
4986,2921.5166
4987,1926.5056
4988,1704.9453
4989,403.25446
4990,669.6737
4991,6129.215
4992,749.3005
4993,727.91296
4994,4037.7449
4995,352.5394
4996,1662.6383
4997,2326.3237
4998,579.9678
4999,329.31808
5000,391.8084
5001,1283.4949
5002,1524.6748
5003,1425.5509
5004,1524.6748
5005,1662.6383
5006,1378.1112
5007,1514.6951
5008,889.99713
5009,2483.157
5010,2154.7888
5011,2147.8608
5012,1104.6924
5013,2770.0493
5014,4047.2131
5015,1367.9916
5016,85.09209
5017,3655.097
5018,889.99713
5019,1566.681
5020,1060.7416
5021,1105.1903
5022,811.6668
5023,2584.6562
5024,1658.4896
5025,2227.6172
5026,377.03143
5027,329.31808
5028,1389.7797
5029,1706.0773
5030,2104.2393
5031,128.81587
5032,2157.4917
5033,1669.637
5034,1662.6383
5035,4012.9763
5036,4037.9895
5037,4293.391
5038,2131.904
5039,1108.2108
5040,3866.238
5041,3244.775
5042,4069.0925
5043,749.3005
5044,2666.6606
5045,2891.4363
5046,390.18924
5047,737.5438
5048,2116.592
5049,2902.86
5050,4153.4604
5051,375.799
5052,1060.7416
5053,3930.8096
5054,594.6948
5055,3186.5894
5056,3603.9255
5057,3500.8843
5058,969.7023
5059,3165.5347
5060,3981.4954
5061,329.31808
5062,3014.5408
5063,2756.093
5064,1723.325
5065,2326.3237
5066,3592.5017
5067,2024.1914
5068,1662.6383
5069,2089.9387
5070,2130.648
5071,161.92583
5072,727.91296
5073,1422.9188
5074,2470.7217
5075,1922.0804
5076,3175.1655
5077,3165.5347
5078,4079.3398
5079,6469.7104
5080,1637.0857
5081,2147.8608
5082,821.29767
5083,2870.9243
5084,3147.6746
5085,2326.3237
5086,4050.0388
5087,2584.6562
5088,359.09973
5089,2574.2566
5090,2872.1335
5091,2082.94
5092,3950.7102
5093,1389.7797
5094,4107.389
5095,2821.1653
5096,2142.5068
5097,1788.8477
5098,428.33823
5099,2082.94
5100,2480.6667
5101,821.29767
5102,513.6783
5103,3641.819
5104,3172.23
5105,704.9796
5106,601.5737
5107,2003.1368
5108,3512.308
5109,726.14136
5110,1206.9502
5111,2133.3872
5112,540.33154
5113,1411.2504
5114,399.3422
5115,937.7607
5116,326.3989
5117,2891.4363
5118,717.26013
5119,3165.5347
5120,695.61194
5121,506.40363
5122,563.3921
5123,937.7607
5124,1731.07
5125,1694.5798
5126,1704.9453
5127,926.0922
5128,4048.5073
5129,2470.7217
5130,2109.5933
5131,2596.08
5132,2116.592
5133,947.39154
5134,3943.9067
5135,3175.1655
5136,3443.128
5137,2666.6606
5138,2109.5933
5139,3176.9585
5140,2652.8813
5141,2584.6562
5142,2366.1748
5143,717.26013
5144,3135.3218
5145,1530.4916
5146,2147.8608
5147,3859.994
5148,1399.4104
5149,3469.7812
5150,3176.9585
5151,3944.0176
5152,3443.128
5153,1924.7125
5154,2749.0867
5155,737.5438
5156,2479.5134
5157,579.9678
5158,3374.8242
5159,2104.2393
5160,2468.0896
5161,3194.9788
5162,2468.0896
5163,4072.8542
5164,2873.5762
5165,717.6595
5166,1051.1108
5167,377.03143
5168,403.25446
5169,2119.224
5170,1425.5509
5171,1499.4049
5172,2566.7961
5173,4754.4688
5174,1261.1841
5175,445.4603
5176,2649.1592
5177,2485.1174
5178,2694.6785
5179,1646.7164
5180,329.31808
5181,1130.8792
5182,727.91296
5183,2649.1592
5184,1399.4104
5185,1399.4104
5186,1422.9188
5187,1937.3926
5188,2569.4282
5189,3980.8984
5190,321.47424
5191,1082.7809
5192,1800.7318
5193,2168.9155
5194,3958.9978
5195,1672.269
5196,1415.9202
5197,528.7144
5198,821.70575
5199,3481.205
5200,2683.2546
5201,2109.5933
5202,1389.7797
5203,937.7607
5204,3147.6746
5205,1268.1827
5206,3655.097
5207,2756.9902
5208,329.31808
5209,2849.3726
5210,1716.4174
5211,5435.408
5212,493.06076
5213,2803.3052
5214,1425.5509
5215,2864.783
5216,1389.7797
5217,3194.9788
5218,2569.4282
5219,3160.1807
5220,4076.3604
5221,1285.6152
5222,6049.595
5223,236.96413
5224,2794.512
5225,2578.22
5226,821.29767
5227,1104.6924
5228,3165.5347
5229,799.99835
5230,3887.6572
5231,833.97754
5232,2692.8855
5233,2656.6013
5234,3175.1655
5235,1425.5509
5236,1914.387
5237,1729.5372
5238,2821.1653
5239,1938.5989
5240,2461.0908
5241,3150.3066
5242,2735.6458
5243,2012.7676
5244,3445.6821
5245,2821.1653
5246,591.33997
5247,390.18924
5248,1285.6152
5249,563.3921
5250,2482.1455
5251,2649.1592
5252,4092.0579
5253,2357.844
5254,3887.6572
5255,3175.1655
5256,3789.8127
5257,4147.5176
5258,3121.0212
5259,1389.7797
5260,727.91296
5261,3445.6821
5262,563.3921
5263,377.03143
5264,811.6668
5265,1551.7908
5266,3293.1416
5267,719.14264
5268,1060.7416
5269,1240.5577
5270,811.6668
5271,1389.7797
5272,4019.5498
5273,6270.0503
5274,3014.5408
5275,821.29767
5276,3159.0984
5277,329.31808
5278,2705.5654
5279,1294.6086
5280,1734.7488
5281,821.70575
5282,1549.1587
5283,2772.806
5284,1564.4708
5285,2891.4363
5286,3165.5347
5287,1358.3608
5288,695.34875
5289,1367.9916
5290,693.90137
5291,968.71136
5292,2683.2546
5293,133.0815
5294,4042.2632
5295,2482.1455
5296,3195.615
5297,1926.5056
5298,1219.2585
5299,1534.3055
5300,1083.0524
5301,3160.1807
5302,2873.5762
5303,563.3921
5304,539.4116
5305,3672.8188
5306,2930.1729
5307,1878.101
5308,604.0669
5309,579.9678
5310,2673.261
5311,867.9494
5312,937.7607
5313,2694.5603
5314,1662.6383
5315,5399.8853
5316,937.7607
5317,161.92583
5318,2259.1375
5319,1915.0818
5320,5074.822
5321,1715.2068
5322,3487.4492
5323,1108.2108
5324,3161.923
5325,1945.5975
5326,2902.86
5327,107.91803
5328,6198.2163
5329,326.3989
5330,2938.9724
5331,3174.2932
5332,2794.512
5333,947.39154
5334,2608.141
5335,811.6668
5336,384.2693
5337,1694.5798
5338,3176.9585
5339,3219.916
5340,1744.3795
5341,2014.5607
5342,3150.3066
5343,1662.6383
5344,2805.9373
5345,2441.4363
5346,867.9494
5347,3186.5894
5348,6188.4453
5349,2154.8596
5350,563.3921
5351,1389.7797
5352,2116.592
5353,2116.592
5354,1936.1364
5355,3469.7812
5356,1648.8589
5357,390.18924
5358,2128.2063
5359,1924.7125
5360,2864.783
5361,3104.851
5362,375.799
5363,1188.2831
5364,3205.0322
5365,1681.4764
5366,1380.6716
5367,1694.5798
5368,1662.6383
5369,2133.3872
5370,589.1238
5371,3481.205
5372,428.33823
5373,5086.2456
5374,2147.8608
5375,1932.0386
5376,1058.1095
5377,760.12415
5378,1261.1841
5379,5920.1836
5380,1948.2296
5381,6188.4453
5382,4013.3057
5383,1415.9202
5384,1936.1364
5385,2546.1824
5386,3533.383
5387,3014.5408
5388,161.92583
5389,3251.1323
5390,3926.028
5391,1933.5043
5392,521.2025
5393,1915.0818
5394,2528.067
5395,5074.822
5396,1389.7797
5397,2490.2976
5398,425.543
5399,1534.3055
5400,3086.649
5401,2569.9763
5402,1166.4742
5403,1534.3055
5404,1130.8792
5405,2676.922
5406,3160.1807
5407,3842.6624
5408,2121.2075
5409,1704.9453
5410,3995.2363
5411,3165.5347
5412,2705.5654
5413,605.1936
5414,2977.6167
5415,1319.375
5416,821.70575
5417,2638.7412
5418,3864.915
5419,947.39154
5420,2169.927
5421,2119.224
5422,1542.16
5423,172.56815
5424,2109.5933
5425,3014.5408
5426,3908.5776
5427,161.92583
5428,2891.4363
5429,1261.1841
5430,2891.4363
5431,5990.3647
5432,1887.7317
5433,3884.676
5434,1381.2902
5435,391.8084
5436,2704.3093
5437,3887.6572
5438,2461.0908
5439,1285.6152
5440,737.5438
5441,4217.6714
5442,399.3422
5443,2608.141
5444,326.3989
5445,811.6668
5446,961.55457
5447,3427.822
5448,3805.931
5449,3365.4531
5450,85.09209
5451,2109.5933
5452,3469.7812
5453,2805.9373
5454,4722.073
5455,390.18924
5456,3772.5454
5457,3074.8828
5458,377.03143
5459,5074.822
5460,2455.7368
5461,2109.5933
5462,704.9796
5463,2683.2546
5464,2566.7961
5465,352.5394
5466,750.2237
5467,2504.4563
5468,3150.3066
5469,311.83273
5470,3150.4993
5471,3652.315
5472,719.14264
5473,1650.9698
5474,3672.765
5475,209.95114
5476,1490.6146
5477,3500.8843
5478,326.3989
5479,3147.6746
5480,2119.224
5481,3491.981
5482,618.99603
5483,3165.5347
5484,811.6668
5485,2652.8813
5486,2891.4363
5487,560.87274
5488,2902.86
5489,2834.5256
5490,563.3921
5491,2849.3726
5492,1662.6383
5493,673.44025
5494,1899.4022
5495,2468.0896
5496,3940.145
5497,2060.5034
5498,2891.4363
5499,787.546
5500,2912.491
5501,1691.9478
5502,2119.224
5503,1404.2517
5504,3049.5432
5505,2673.261
5506,3695.7861
5507,3161.7305
5508,1399.4104
5509,2891.4363
5510,1490.6146
5511,1766.6903
5512,2830.7961
5513,2259.1375
5514,136.11617
5515,3189.0078
5516,1671.1697
5517,3014.5408
5518,695.61194
5519,4520.37
5520,1924.7125
5521,2227.6172
5522,937.7607
5523,4131.483
5524,811.6668
5525,3089.6592
5526,2666.6606
5527,1744.3795
5528,3147.6746
5529,1285.6152
5530,2501.7507
5531,2168.9155
5532,2666.6606
5533,3455.1772
5534,2876.2083
5535,1769.6628
5536,1662.6383
5537,3899.081
5538,1662.6383
5539,1224.0336
5540,749.3005
5541,4237.25
5542,2692.8855
5543,2472.5146
5544,2468.0896
5545,736.92914
5546,397.7834
5547,1542.16
5548,2859.2559
5549,1261.1841
5550,2594.287
5551,375.799
5552,1648.8589
5553,2902.86
5554,3181.3145
5555,811.6668
5556,937.7607
5557,948.40295
5558,1922.0804
5559,2479.5134
5560,947.39154
5561,2673.123
5562,2128.0159
5563,5086.2456
5564,2424.922
5565,2694.6785
5566,3150.4993
5567,2941.5967
5568,1531.6735
5569,1530.925
5570,1680.2793
5571,951.5628
5572,579.9678
5573,2109.5933
5574,3781.072
5575,759.85455
5576,2554.4434
5577,2461.0908
5578,737.9511
5579,2154.8596
5580,329.31808
5581,2479.5134
5582,2116.592
5583,329.31808
5584,695.34875
5585,1394.3699
5586,2844.9592
5587,811.6668
5588,3246.5679
5589,3595.5981
5590,2888.407
5591,2147.8608
5592,2003.1368
5593,3014.5408
5594,2876.2083
5595,3881.9243
5596,563.3921
5597,1754.4819
5598,2584.6562
5599,1069.6466
5600,375.799
5601,3140.1216
5602,3666.5208
5603,2902.86
5604,2176.9258
5605,2584.6562
5606,2264.742
5607,3150.3066
5608,4048.697
5609,6258.6265
5610,3469.7812
5611,2935.3718
5612,582.7841
5613,3476.0254
5614,2842.22
5615,6185.4146
5616,2562.8328
5617,1285.6152
5618,947.39154
5619,2461.0908
5620,4226.307
5621,1389.7797
5622,2870.6313
5623,3104.851
5624,3150.3066
5625,3103.4912
5626,3150.4993
5627,4743.045
5628,1895.4272
5629,969.7023
5630,2888.407
5631,2434.4375
5632,2894.681
5633,3147.6746
5634,2870.0261
5635,3189.0078
5636,1914.387
5637,3859.994
5638,1662.6383
5639,1947.0233
5640,1832.7847
5641,799.99835
5642,2147.8608
5643,873.9785
5644,2821.1653
5645,727.91296
5646,2891.4363
5647,737.9511
5648,5086.2456
5649,1524.6748
5650,411.79846
5651,3171.4685
5652,2109.5933
5653,1270.8148
5654,2479.5134
5655,3641.819
5656,5399.8853
5657,4040.969
5658,2116.592
5659,3165.5347
5660,3463.345
5661,3672.8188
5662,3487.4492
5663,968.275
5664,2616.2346
5665,1199.0991
5666,3176.9585
5667,1358.3608
5668,390.18924
5669,5074.822
5670,3893.9014
5671,937.7607
5672,3887.6572
5673,1743.0581
5674,750.32245
5675,1051.1108
5676,2159.2847
5677,2562.8328
5678,1960.9097
5679,3521.3337
5680,1261.1841
